norm_id	acceptance_status	activation_status	layer	scope	owner_ref	operator_decision_ref	effective_from_version	candidate_reason	supersession_ref	acceptance_row_sha256
N-GEN-001	ACCEPTED_FOR_INTERPRETATION	ACTIVE	BASE	"[""core"",""all_cycles""]"	CORE-NORMATIVE-OWNER	operator:core-acceptance-record	2.20			0b9261e30e7e22f7dc61f960a506d6cc62e3c6e4c80b5bf5a651c4e6b5ea1de1
N-GEN-002	ACCEPTED_FOR_INTERPRETATION	ACTIVE	BASE	"[""core"",""all_cycles""]"	CORE-NORMATIVE-OWNER	operator:core-acceptance-record	2.20			457048f25acfcd3c19c6cb3b7159c7601f0837e280ad692847dcb75801a5194b
N-GEN-003	ACCEPTED_FOR_INTERPRETATION	ACTIVE	BASE	"[""core"",""all_cycles""]"	CORE-NORMATIVE-OWNER	operator:core-acceptance-record	2.20			b7d4b4beeaccc324799d2e57cf295b99aa97ee60078137146b22f41777853b82
N-GEN-004	ACCEPTED_FOR_INTERPRETATION	ACTIVE	BASE	"[""core"",""all_cycles""]"	CORE-NORMATIVE-OWNER	operator:core-acceptance-record	2.20			bd4c2a00488f42aa72a31d5ed3af5e7388aa348a63a53decf508f8355cc4f946
N-GEN-005	ACCEPTED_FOR_INTERPRETATION	ACTIVE	BASE	"[""core"",""all_cycles""]"	CORE-NORMATIVE-OWNER	operator:core-acceptance-record	2.20			332b56c4964950953e3859c15340a92ffe9b948ebba8543cf2608931435adf90
N-GEN-006	ACCEPTED_FOR_INTERPRETATION	ACTIVE	BASE	"[""core"",""all_cycles""]"	CORE-NORMATIVE-OWNER	operator:core-acceptance-record	2.20			be0786e459e317ba19d2f4cb40b7623890e3acdb415e8b1a855a9da4911cef65
N-GEN-007	ACCEPTED_FOR_INTERPRETATION	ACTIVE	BASE	"[""core"",""all_cycles""]"	CORE-NORMATIVE-OWNER	operator:core-acceptance-record	2.20			0c6cd91196421a74795306031ebc982ba992b4be67658d9eb61bb75435cfbf1d
N-GEN-008	ACCEPTED_FOR_INTERPRETATION	ACTIVE	BASE	"[""core"",""all_cycles""]"	CORE-NORMATIVE-OWNER	operator:core-acceptance-record	2.20			c6ecb6fbe2d3b89e43a3387fa6ec37e8af1514b0fbb4a71f23762478a9b2fb5d
N-GEN-009	ACCEPTED_FOR_INTERPRETATION	ACTIVE	BASE	"[""core"",""all_cycles""]"	CORE-NORMATIVE-OWNER	operator:core-acceptance-record	2.20			8d1ac6f548b84b806c381fb127ab82c8ed67039759ea411ca3525c213a1496db
N-GEN-010	ACCEPTED_FOR_INTERPRETATION	ACTIVE	BASE	"[""core"",""all_cycles""]"	CORE-NORMATIVE-OWNER	operator:core-acceptance-record	2.20			38a3a0ab79cb1ff3207875607e5a98666b7cadc49b89b300e7df1acf838f5675
N-GEN-011	ACCEPTED_FOR_INTERPRETATION	ACTIVE	BASE	"[""core"",""all_cycles""]"	CORE-NORMATIVE-OWNER	operator:core-acceptance-record	2.20			547dba245dacbeae961be9e20da6352d5db1bd213c90450a6140cb7c08c9ae40
N-GEN-012	ACCEPTED_FOR_INTERPRETATION	ACTIVE	BASE	"[""core"",""all_cycles""]"	CORE-NORMATIVE-OWNER	operator:core-acceptance-record	2.20			b8bb550201b051274db6e024ab527cc730f7034d1e4de2fe217f9badc921ffad
N-GEN-013	ACCEPTED_FOR_INTERPRETATION	ACTIVE	BASE	"[""core"",""all_cycles""]"	CORE-NORMATIVE-OWNER	operator:core-acceptance-record	2.20			83ea41e16aa329b1880b471c8a99f37551de36e3299c6d5caf57a9e9793db955
N-GEN-014	ACCEPTED_FOR_INTERPRETATION	ACTIVE	BASE	"[""core"",""all_cycles""]"	CORE-NORMATIVE-OWNER	operator:core-acceptance-record	2.20			774c69f99fe2b1d9cde6361a40d2f603e25ed1056d3b1550f4505033e4360fbe
N-GEN-015	ACCEPTED_FOR_INTERPRETATION	ACTIVE	BASE	"[""core"",""all_cycles""]"	CORE-NORMATIVE-OWNER	operator:core-acceptance-record	2.20			e517672ed402538cda36b5fdfe4b919773c70d5f50f0327c734e0e333cb5df2e
N-GEN-016	ACCEPTED_FOR_INTERPRETATION	ACTIVE	BASE	"[""core"",""all_cycles""]"	CORE-NORMATIVE-OWNER	operator:core-acceptance-record	2.20			ef59683a155227efcf96d0f87e429de7cb0390e33efec4fc151097a61dbaa372
N-GEN-017	ACCEPTED_FOR_INTERPRETATION	ACTIVE	BASE	"[""core"",""all_cycles""]"	CORE-NORMATIVE-OWNER	operator:core-acceptance-record	2.20			b021c65a3ff4e821b14b29999e21e946fc83de2c75f7bf10bac16d805eddb272
N-GEN-018	ACCEPTED_FOR_INTERPRETATION	ACTIVE	BASE	"[""core"",""all_cycles""]"	CORE-NORMATIVE-OWNER	operator:core-acceptance-record	2.20			fb9e9f1b30d41d6e7838932b18b22a2e71972bc129040dfce23d016ce0aa7738
N-GEN-019	ACCEPTED_FOR_INTERPRETATION	ACTIVE	BASE	"[""core"",""all_cycles""]"	CORE-NORMATIVE-OWNER	operator:core-acceptance-record	2.20			69f994fedcbc809cf65095fa049810721de7fbc50a21bc271959795e16708ca1
N-GEN-020	ACCEPTED_FOR_INTERPRETATION	ACTIVE	BASE	"[""core"",""all_cycles""]"	CORE-NORMATIVE-OWNER	operator:core-acceptance-record	2.20			d766cd30c01efe8069c48e20500f92549c3727a6f2f901dfd00f5e56a679b365
N-GEN-021	ACCEPTED_FOR_INTERPRETATION	ACTIVE	BASE	"[""core"",""all_cycles""]"	CORE-NORMATIVE-OWNER	operator:core-acceptance-record	2.20			d20a5f5a3f77657f07ecd9d0c9ab8944000ce686fd68a3b0c01f2ac0c4e3dfd2
N-GEN-022	ACCEPTED_FOR_INTERPRETATION	ACTIVE	BASE	"[""core"",""all_cycles""]"	CORE-NORMATIVE-OWNER	operator:core-acceptance-record	2.20			23ca8a52fdaf6ff7a8895556d76fe87000659ffc843c58679a1505c2488416c5
N-GEN-023	ACCEPTED_FOR_INTERPRETATION	ACTIVE	BASE	"[""core"",""all_cycles""]"	CORE-NORMATIVE-OWNER	operator:core-acceptance-record	2.20			44fb4f71a0af731bbe22f86a14d7b0574ff1631c5fc103978c335de457a70c5f
N-GEN-024	ACCEPTED_FOR_INTERPRETATION	ACTIVE	BASE	"[""core"",""all_cycles""]"	CORE-NORMATIVE-OWNER	operator:core-acceptance-record	2.20			eeb2edb5ceb6665ab0ed491e8f896a977b875ce315856b23240958e61532c54c
N-GEN-025	ACCEPTED_FOR_INTERPRETATION	ACTIVE	BASE	"[""core"",""all_cycles""]"	CORE-NORMATIVE-OWNER	operator:core-acceptance-record	2.20			af4f5a74f0ddbef0e8a4cde4bf692a6164a3e183e3852e2d4cc35ed078e35638
N-GEN-026	ACCEPTED_FOR_INTERPRETATION	ACTIVE	BASE	"[""core"",""all_cycles""]"	CORE-NORMATIVE-OWNER	operator:core-acceptance-record	2.20			081d69a4585e4b704da94b6de591e0408125e8194abdf8fd6ca52b56089d6aca
N-GEN-027	ACCEPTED_FOR_INTERPRETATION	ACTIVE	BASE	"[""core"",""all_cycles""]"	CORE-NORMATIVE-OWNER	operator:core-acceptance-record	2.20			503c17b080c57017e236ce5ade3168271b599e56d1db520174b091f12030872e
N-GEN-028	ACCEPTED_FOR_INTERPRETATION	ACTIVE	BASE	"[""core"",""all_cycles""]"	CORE-NORMATIVE-OWNER	operator:core-acceptance-record	2.20			9c5e01064429ba7ebd7e2c60b02cf74046f2ed957cc0d5b303df6bd56489db98
N-GEN-029	ACCEPTED_FOR_INTERPRETATION	ACTIVE	BASE	"[""core"",""all_cycles""]"	CORE-NORMATIVE-OWNER	operator:core-acceptance-record	2.20			e66886b42269d887ac3f2518a2f76928dfbe69eb101e2e00fa4c1b2e80da626f
N-GEN-030	ACCEPTED_FOR_INTERPRETATION	ACTIVE	BASE	"[""core"",""all_cycles""]"	CORE-NORMATIVE-OWNER	operator:core-acceptance-record	2.20			7d1adb8903f15f4bc3a4f5f32b67a69d7d75b084f08a52f34745b6edfca6204e
N-GEN-031	ACCEPTED_FOR_INTERPRETATION	ACTIVE	BASE	"[""core"",""all_cycles""]"	CORE-NORMATIVE-OWNER	operator:core-acceptance-record	2.20			ca2971d4e34999eebc3119a1e045e7ae6d99d9d9391015a81d31ad936234c659
N-GEN-032	ACCEPTED_FOR_INTERPRETATION	ACTIVE	BASE	"[""core"",""all_cycles""]"	CORE-NORMATIVE-OWNER	operator:core-acceptance-record	2.20			e23e46e656e16ed4eab26d9072b6d0a398fe6f3ef139adc101aa71ba308c6159
N-GEN-033	ACCEPTED_FOR_INTERPRETATION	ACTIVE	BASE	"[""core"",""all_cycles""]"	CORE-NORMATIVE-OWNER	operator:core-acceptance-record	2.20			c6ce508b64ac638c1287c41a92554a70aefa7a49cff046b2e596f5db9e515e8d
N-GEN-034	ACCEPTED_FOR_INTERPRETATION	ACTIVE	BASE	"[""core"",""all_cycles""]"	CORE-NORMATIVE-OWNER	operator:core-acceptance-record	2.20			f7cd420d9736b05285973069d5dc01d6cdaf2c99c6fc6e401e0cd068a87c122c
N-GEN-035	ACCEPTED_FOR_INTERPRETATION	ACTIVE	BASE	"[""core"",""all_cycles""]"	CORE-NORMATIVE-OWNER	operator:core-acceptance-record	2.20			e2d331784148ce5dbbd8e696007f85cc7e7d8e4ec846db18eeceecfe00bb04c0
N-GEN-036	ACCEPTED_FOR_INTERPRETATION	ACTIVE	BASE	"[""core"",""all_cycles""]"	CORE-NORMATIVE-OWNER	operator:core-acceptance-record	2.20			f92c515d6d36e6da889d1f8501bbf01764608008c9607bbfbe1305a2f6f9e000
N-GEN-037	ACCEPTED_FOR_INTERPRETATION	ACTIVE	BASE	"[""core"",""all_cycles""]"	CORE-NORMATIVE-OWNER	operator:core-acceptance-record	2.20			ec61840164740ab2c7db97edba6684f15edc5c9a62200d38014d7ab9dcf6e645
N-GEN-038	ACCEPTED_FOR_INTERPRETATION	ACTIVE	BASE	"[""core"",""all_cycles""]"	CORE-NORMATIVE-OWNER	operator:core-acceptance-record	2.20			8b58f22d07f0f13ee6d932fa89e068914c21ccb1497a71efd1da9b575e005138
N-GEN-039	ACCEPTED_FOR_INTERPRETATION	ACTIVE	BASE	"[""core"",""all_cycles""]"	CORE-NORMATIVE-OWNER	operator:core-acceptance-record	2.20			d1a48efe07139b2540b6b6b030d1d4cf52490f638a36b50b2ec7eab12a7a116e
N-GEN-040	ACCEPTED_FOR_INTERPRETATION	ACTIVE	BASE	"[""core"",""all_cycles""]"	CORE-NORMATIVE-OWNER	operator:core-acceptance-record	2.20			c80ce161ff3d1fc83a7b5dbfa4711552546c2404bcfaf338731987e4558bb8c5
N-GEN-041	ACCEPTED_FOR_INTERPRETATION	ACTIVE	BASE	"[""core"",""all_cycles""]"	CORE-NORMATIVE-OWNER	operator:core-acceptance-record	2.20			aa3ea2253d48fc360e3b2d1c22b98f24ddf0b412806a3771fece98a165a40c1a
N-GEN-042	ACCEPTED_FOR_INTERPRETATION	ACTIVE	BASE	"[""core"",""all_cycles""]"	CORE-NORMATIVE-OWNER	operator:core-acceptance-record	2.20			aa37fc1eb91681c2c560c83c314e6aea3ebfe47f02259e896cf39aff5694d2de
N-GEN-043	ACCEPTED_FOR_INTERPRETATION	ACTIVE	BASE	"[""core"",""all_cycles""]"	CORE-NORMATIVE-OWNER	operator:core-acceptance-record	2.20			1215917b63f1021ed862d665b8294537061f17befa3bbaa92551f5d8363ce539
N-GEN-044	ACCEPTED_FOR_INTERPRETATION	ACTIVE	BASE	"[""core"",""all_cycles""]"	CORE-NORMATIVE-OWNER	operator:core-acceptance-record	2.20			6cf6c2ccdfa260c617b338a19c73b7ce2a1bfe2416062443e7c27546e7c2e597
N-GEN-045	ACCEPTED_FOR_INTERPRETATION	ACTIVE	BASE	"[""core"",""all_cycles""]"	CORE-NORMATIVE-OWNER	operator:core-acceptance-record	2.20			003746e125683d203392a53aa8e71d56bcba13c13071a752758801d3eb4caf6b
N-GEN-046	ACCEPTED_FOR_INTERPRETATION	ACTIVE	BASE	"[""core"",""all_cycles""]"	CORE-NORMATIVE-OWNER	operator:core-acceptance-record	2.20			c92446ed9692c2ca269af044d5c6e1250567168306449de7e0eb6c8dfed63215
N-GEN-047	ACCEPTED_FOR_INTERPRETATION	ACTIVE	BASE	"[""core"",""all_cycles""]"	CORE-NORMATIVE-OWNER	operator:core-acceptance-record	2.20			56fc01c68c6f3c9927d7099438c027661faf356dcbf647f1023bfe4893bdd02c
N-GEN-048	ACCEPTED_FOR_INTERPRETATION	ACTIVE	BASE	"[""core"",""all_cycles""]"	CORE-NORMATIVE-OWNER	operator:core-acceptance-record	2.20			3d21afa53aef898200530e52b80dc5f381970cb1a275b436a1ac0103b24b9923
N-GEN-049	ACCEPTED_FOR_INTERPRETATION	ACTIVE	BASE	"[""core"",""all_cycles""]"	CORE-NORMATIVE-OWNER	operator:core-acceptance-record	2.20			167cd93bc3f02f8a4f54aa92e66f482a714b904e5c952570a3f6e4ec2e727341
N-GEN-050	ACCEPTED_FOR_INTERPRETATION	ACTIVE	BASE	"[""core"",""all_cycles""]"	CORE-NORMATIVE-OWNER	operator:core-acceptance-record	2.20			37289a55bba7de3003a2288205dc870bbe91f466749ba6109b46bf3ad48c8595
N-GEN-051	ACCEPTED_FOR_INTERPRETATION	ACTIVE	BASE	"[""core"",""all_cycles""]"	CORE-NORMATIVE-OWNER	operator:core-acceptance-record	2.20			6b8f29ed1a2ebd4f855b925febbab3cfcd0704c7cb395752dcdeac65f032fc45
N-GEN-052	ACCEPTED_FOR_INTERPRETATION	ACTIVE	BASE	"[""core"",""all_cycles""]"	CORE-NORMATIVE-OWNER	operator:core-acceptance-record	2.20			73c99e867e31c8fdc32967f7b2dfdc5d8fb55de2a198f3a2887e4520a339cc68
N-GEN-053	ACCEPTED_FOR_INTERPRETATION	ACTIVE	BASE	"[""core"",""all_cycles""]"	CORE-NORMATIVE-OWNER	operator:core-acceptance-record	2.20			f098327d30934958dfaeaa97e08a58f9a62b1e7a61031c0e415b9a4395c1c7c4
N-GEN-054	ACCEPTED_FOR_INTERPRETATION	ACTIVE	BASE	"[""core"",""all_cycles""]"	CORE-NORMATIVE-OWNER	operator:core-acceptance-record	2.20			f9e4b2c5237a98b3c43b45125c6b26015a265d9dc301cc17e4c784502fc814c5
N-GEN-055	ACCEPTED_FOR_INTERPRETATION	ACTIVE	BASE	"[""core"",""all_cycles""]"	CORE-NORMATIVE-OWNER	operator:core-acceptance-record	2.20			d677aa476f3267b18fa81840e592b3777d4794f101792038eae7c6a1a71b8b62
N-GEN-056	ACCEPTED_FOR_INTERPRETATION	ACTIVE	BASE	"[""core"",""all_cycles""]"	CORE-NORMATIVE-OWNER	operator:core-acceptance-record	2.20			3436b34a1ed2031785bbe5c50824e229e13ecbbb62550748386280681b566681
N-GEN-057	ACCEPTED_FOR_INTERPRETATION	ACTIVE	BASE	"[""core"",""all_cycles""]"	CORE-NORMATIVE-OWNER	operator:core-acceptance-record	2.20			7b0e243d19e81b9189c7c6db20f4786c3a3ad3700d6c05d7fd98c3b076b59b5c
N-GEN-058	ACCEPTED_FOR_INTERPRETATION	ACTIVE	BASE	"[""core"",""all_cycles""]"	CORE-NORMATIVE-OWNER	operator:core-acceptance-record	2.20			1404502d7334565e9430317032964e7b5d8c16b4e8f02dbfabde88443279c894
N-GEN-059	ACCEPTED_FOR_INTERPRETATION	ACTIVE	BASE	"[""core"",""all_cycles""]"	O028	operator:core-acceptance-record	2.20			1a54ec54a489796035ae069e94709f5e61efb2613cb71bf21e2eb58ed7225ee8
N-GEN-060	ACCEPTED_FOR_INTERPRETATION	ACTIVE	BASE	"[""core"",""all_cycles""]"	CORE-NORMATIVE-OWNER	operator:core-acceptance-record	2.20			a975e47c75892d397c17c52d5c942d0f633c929160ca4e44c030d07755c7abcd
N-GEN-061	ACCEPTED_FOR_INTERPRETATION	ACTIVE	BASE	"[""core"",""all_cycles""]"	CORE-NORMATIVE-OWNER	operator:core-acceptance-record	2.20			41817dec6e4d92b58689a7cd32f8023f20a4cbdd01b284a4cc946ec688981540
N-GEN-062	ACCEPTED_FOR_INTERPRETATION	ACTIVE	BASE	"[""core"",""all_cycles""]"	CORE-NORMATIVE-OWNER	operator:core-acceptance-record	2.20			197846ed501a36cafa073b549b15d3dfffd08e5cbd21b7f387717a052f067eef
N-GEN-063	ACCEPTED_FOR_INTERPRETATION	ACTIVE	BASE	"[""core"",""all_cycles""]"	O027	operator:core-acceptance-record	2.20			e6c217a7cb40a7c5dce0345deb0818af19ed787a25f9f1e4e195525dd78bd1c7
N-GEN-064	ACCEPTED_FOR_INTERPRETATION	ACTIVE	BASE	"[""core"",""all_cycles""]"	CORE-NORMATIVE-OWNER	operator:core-acceptance-record	2.20			6094a3b400d594f0dfb8e50d668529b0c4efc243d4d1dd3d7d31c7085206f9a5
N-GEN-065	ACCEPTED_FOR_INTERPRETATION	ACTIVE	BASE	"[""core"",""all_cycles""]"	CORE-NORMATIVE-OWNER	operator:core-acceptance-record	2.20			4e1eb139beb27eaaa245b2a0f0a09b3f923f2ee0754ae9c077a6b937cc6a9ff8
N-GEN-066	ACCEPTED_FOR_INTERPRETATION	ACTIVE	BASE	"[""core"",""all_cycles""]"	O028	operator:core-acceptance-record	2.20			3c087bf9aba1ba454fa7fcaea29e9754091374ef276db2611b587fe1475d19be
N-GEN-067	ACCEPTED_FOR_INTERPRETATION	ACTIVE	BASE	"[""core"",""all_cycles""]"	O027	operator:core-acceptance-record	2.20			a841564500cd28fd75ee501cce9691842035d70709d3251bc02dcb144a2d44f8
N-GEN-068	ACCEPTED_FOR_INTERPRETATION	ACTIVE	BASE	"[""core"",""all_cycles""]"	O027	operator:core-acceptance-record	2.20			43919c64e4acc4d00998422a58a5ee0a52dfa0530d26fd8a1ac9291594096fed
N-GEN-069	ACCEPTED_FOR_INTERPRETATION	ACTIVE	BASE	"[""core"",""all_cycles""]"	O028	operator:core-acceptance-record	2.20			4620d1ad9bbdd373f5380d665f5f5d06ac4a54fc887e556b06b9d0414cef5f64
N-GEN-070	ACCEPTED_FOR_INTERPRETATION	ACTIVE	BASE	"[""core"",""all_cycles""]"	CORE-NORMATIVE-OWNER	operator:core-acceptance-record	2.20			c10fbf65e5143e7ddd9b81cf15ca8e4f1a84bd96cd2d196417b47c64d6eece2e
N-GEN-071	ACCEPTED_FOR_INTERPRETATION	ACTIVE	BASE	"[""core"",""all_cycles""]"	O028	operator:core-acceptance-record	2.20			a146105c705b306275a3628978b663062a0ba6f260439649502c48ab7c212899
N-GEN-072	ACCEPTED_FOR_INTERPRETATION	ACTIVE	BASE	"[""core"",""all_cycles""]"	O028	operator:core-acceptance-record	2.20			85462b182cc43f62f0cc493161f83ac7431237675b18ff16185f13a22336b352
N-GEN-073	ACCEPTED_FOR_INTERPRETATION	ACTIVE	BASE	"[""core"",""all_cycles""]"	CORE-NORMATIVE-OWNER	operator:core-acceptance-record	2.20			51c95714acd4397cc290797b30cabab4db7ec2e9db094741ed1627242c5c4aea
N-GEN-074	ACCEPTED_FOR_INTERPRETATION	ACTIVE	BASE	"[""core"",""all_cycles""]"	O012	operator:core-acceptance-record	2.20			6c92660a2a2d77648ebb430847f72f87237ba126426cccae6b22a048023a8573
N-GEN-075	ACCEPTED_FOR_INTERPRETATION	ACTIVE	BASE	"[""core"",""all_cycles""]"	O012	operator:core-acceptance-record	2.20			bd15858a6489d09baa3d6a001b80ae16de60d93a4c63fb29231975f2e3132cb5
N-GEN-076	ACCEPTED_FOR_INTERPRETATION	ACTIVE	BASE	"[""core"",""all_cycles""]"	O027	operator:core-acceptance-record	2.20			b1f454b20128cd823a592d56f6d28c82cc84fa78c4ecd41c1a85014c2654fecc
N-GEN-077	ACCEPTED_FOR_INTERPRETATION	ACTIVE	BASE	"[""core"",""all_cycles""]"	O027	operator:core-acceptance-record	2.20			6d64fe1db69a87d8a17a4f56e2eaf4d96e5442a2d2b9ba41d62445ccc9c4ca02
N-GEN-078	ACCEPTED_FOR_INTERPRETATION	ACTIVE	BASE	"[""core"",""all_cycles""]"	O014	operator:core-acceptance-record	2.20			a9ea421783e27fe2784e32cadc77396ca5adacff8668966663110719084feb3e
N-GEN-079	ACCEPTED_FOR_INTERPRETATION	ACTIVE	BASE	"[""core"",""all_cycles""]"	O018	operator:core-acceptance-record	2.20			27ea9c903321b41eced3fa0f4d28d2254cef4e312b522511a94ca7064c0e2435
N-GEN-080	ACCEPTED_FOR_INTERPRETATION	ACTIVE	BASE	"[""core"",""all_cycles""]"	O025	operator:core-acceptance-record	2.20			5b3020fdc690a88b7a5b738a9976bebc7580f9fc0bafed003d6d2cc43dbd6b64
N-GEN-081	ACCEPTED_FOR_INTERPRETATION	ACTIVE	BASE	"[""core"",""all_cycles""]"	O025	operator:core-acceptance-record	2.20			40a4842bc22d8e9d2e6dbdc15bf6ac425ee366ce424de66202e8a42854b0ff15
N-GEN-082	ACCEPTED_FOR_INTERPRETATION	ACTIVE	BASE	"[""core"",""all_cycles""]"	O012	operator:core-acceptance-record	2.20			31ad2e3dfd686546443345bd90e8cc124d3156bdecb4fdcb730129efd96a4d57
N-GEN-083	ACCEPTED_FOR_INTERPRETATION	ACTIVE	BASE	"[""core"",""all_substrates""]"	CORE-NORMATIVE-OWNER	operator:core-acceptance-record	2.20			8437b63ae7d76fe673cf3e96b0acb998d284cf9924d5532e04c7db91baff5c7a
N-GEN-084	ACCEPTED_FOR_INTERPRETATION	ACTIVE	BASE	"[""core"",""all_substrates""]"	O017	operator:core-acceptance-record	2.20			5323168ffa36395a71a3c25c8c08ee32634326a5f7f34d385e89d0f853a3e9d6
N-GEN-085	ACCEPTED_FOR_INTERPRETATION	ACTIVE	BASE	"[""core"",""all_substrates""]"	O026	operator:core-acceptance-record	2.20			0670a17ff65d99308b724b058f9394e7599001d8e28f0ea835f18330e2eb1e6e
N-GEN-086	ACCEPTED_FOR_INTERPRETATION	ACTIVE	BASE	"[""core"",""all_substrates""]"	O025	operator:core-acceptance-record	2.20			d6fb75fefb30f37e81403a45dfb829c2a284c0389e86efdeab31f0d639088440
N-GEN-087	ACCEPTED_FOR_INTERPRETATION	ACTIVE	BASE	"[""core"",""all_substrates""]"	O025	operator:core-acceptance-record	2.20			272165ef54d75151ab4b5047ef1c6279a7536b5d23c433148ea3e12909de69e3
N-GEN-088	ACCEPTED_FOR_INTERPRETATION	ACTIVE	BASE	"[""core"",""all_substrates""]"	O025	operator:core-acceptance-record	2.20			03c8ac866f6d500621b7a000756d597d57103154d681b2edbd4ae16e0673729a
N-GEN-089	ACCEPTED_FOR_INTERPRETATION	ACTIVE	BASE	"[""core"",""all_substrates""]"	O012	operator:core-acceptance-record	2.20			73cca8f51d67161a952f0b1b5ae1c66744605d39db92258c7a324d60b7a5ed0c
N-GEN-090	ACCEPTED_FOR_INTERPRETATION	ACTIVE	BASE	"[""core"",""all_substrates""]"	O007	operator:core-acceptance-record	2.20			e82f48dedbb1961ae213fc0c72dce64921d05640487798693ca7ed7e3c274193
N-GEN-091	ACCEPTED_FOR_INTERPRETATION	ACTIVE	BASE	"[""core"",""all_substrates""]"	O027	operator:core-acceptance-record	2.20			cba449ae8aa55a9e5082d15e57312f18337da783bb398b85da855d7bd90a4015
N-GEN-092	ACCEPTED_FOR_INTERPRETATION	ACTIVE	BASE	"[""core"",""all_substrates""]"	O014	operator:core-acceptance-record	2.20			8e41b7a844be204d4c4474fd91d1336e6cac011fc39d081000f03e18d594ef95
N-GEN-093	ACCEPTED_FOR_INTERPRETATION	ACTIVE	BASE	"[""core"",""all_substrates""]"	O025	operator:core-acceptance-record	2.20			a61daf0c42896b0029590c00ca47e036fcea80981c3e88d55512c27ea1ad248a
N-GEN-094	ACCEPTED_FOR_INTERPRETATION	ACTIVE	BASE	"[""core"",""all_substrates""]"	O027	operator:core-acceptance-record	2.20			16d7e733562fab153555a4aeed1afe5a6aeb64b8c801d9b11f7cf8ca3fb1ac75
N-GEN-095	ACCEPTED_FOR_INTERPRETATION	ACTIVE	BASE	"[""core"",""all_substrates""]"	O025	operator:core-acceptance-record	2.20			62cd8d703bff9dd1c62974866147d15fb7266cf0b6bf00910ea4b803a6e724b4
N-GEN-096	ACCEPTED_FOR_INTERPRETATION	ACTIVE	BASE	"[""core"",""all_substrates""]"	O027	operator:core-acceptance-record	2.20			c7c8202428e4a53dd849cf289be7d2253bf55fd6f14c9ce4dd945bbc82a3b9e4
N-GEN-097	ACCEPTED_FOR_INTERPRETATION	ACTIVE	BASE	"[""core"",""all_cycles""]"	O025	operator:core-acceptance-record	2.20			8c7f0f9884033d3d3172a3c3d41217d09686d74647ddf48c95a354df0ce02380
N-O001-01	ACCEPTED_FOR_INTERPRETATION	ACTIVE	BASE	"[""core"",""organ:O001""]"	O001	operator:core-acceptance-record	2.20			31766e1caeee4195d4bd002c4dcbe3430656064fdc684030d7b19e2a43016918
N-O001-02	ACCEPTED_FOR_INTERPRETATION	ACTIVE	BASE	"[""core"",""organ:O001""]"	O001	operator:core-acceptance-record	2.20			d1eb9c4ca82c8a4a0d198aaf1e9537608b5349a48565ddd95f04350030fa15c5
N-O001-03	ACCEPTED_FOR_INTERPRETATION	ACTIVE	BASE	"[""core"",""organ:O001""]"	O001	operator:core-acceptance-record	2.20			0940862d3e4f3926f291c64b78d8c1af3f9012387e900ed1704273ee831bd2c7
N-O001-04	ACCEPTED_FOR_INTERPRETATION	ACTIVE	BASE	"[""core"",""organ:O001""]"	O001	operator:core-acceptance-record	2.20			5d923079e3f438ac57d1892e5c23403ee38ee7737db56bfc5826e4c091bf5a77
N-O001-05	ACCEPTED_FOR_INTERPRETATION	ACTIVE	BASE	"[""core"",""organ:O001""]"	O001	operator:core-acceptance-record	2.20			d7a0c8b31c37f11bcae274ed461cf2c3f667fbf30b05c20cef999c24b9f223e3
N-O001-06	ACCEPTED_FOR_INTERPRETATION	ACTIVE	BASE	"[""core"",""organ:O001""]"	O001	operator:core-acceptance-record	2.20			fd782d70ec9fa2ca45bd8c982910edc92dc3d39dc13bd9a174a69431381e5633
N-O001-07	ACCEPTED_FOR_INTERPRETATION	ACTIVE	BASE	"[""core"",""organ:O001""]"	O001	operator:core-acceptance-record	2.20			06ac69148adfaeeaaf480bf4ebe6d1ace1f158355d8e383a7c0d0cbc9869b3c3
N-O001-10	ACCEPTED_FOR_INTERPRETATION	ACTIVE	BASE	"[""core"",""organ:O001""]"	O001	operator:core-acceptance-record	2.20			1cebf179875b9eab7baa219e518f4ba17071f7283b74b3ea6b7344cfc7083e02
N-O002-01	ACCEPTED_FOR_INTERPRETATION	ACTIVE	BASE	"[""core"",""organ:O002""]"	O002	operator:core-acceptance-record	2.20			e81d491652edb73d31d949b8f565fd2db8a1e42bd2106fc8aff51e7cd16cbf5e
N-O002-02	ACCEPTED_FOR_INTERPRETATION	ACTIVE	BASE	"[""core"",""organ:O002""]"	O002	operator:core-acceptance-record	2.20			fded1aebdff2e3c686b22c0a73f43e7d2536fa086672b1f880b1dd9b818d03d4
N-O002-03	ACCEPTED_FOR_INTERPRETATION	ACTIVE	BASE	"[""core"",""organ:O002""]"	O002	operator:core-acceptance-record	2.20			82db28b79427b0ff599ad2d383e196ebd375a9f61c92490aecbfb94a2b1a6f10
N-O002-04	ACCEPTED_FOR_INTERPRETATION	ACTIVE	BASE	"[""core"",""organ:O002""]"	O002	operator:core-acceptance-record	2.20			a562c99c9afb53a65e4b52070c485f195efbb631c7b91c98c43ff1f9c031e6ce
N-O002-05	ACCEPTED_FOR_INTERPRETATION	ACTIVE	BASE	"[""core"",""organ:O002""]"	O002	operator:core-acceptance-record	2.20			7c8ea1e04acc469a5c7bd10a478ce5ef704f98b6e109c222d4011ba85e88b300
N-O002-06	ACCEPTED_FOR_INTERPRETATION	ACTIVE	BASE	"[""core"",""organ:O002""]"	O002	operator:core-acceptance-record	2.20			266aa45f7f05a4869e28787bd97e456cf5c2deb3877e34ef10ddd9b72647d07f
N-O002-07	ACCEPTED_FOR_INTERPRETATION	ACTIVE	BASE	"[""core"",""organ:O002""]"	O002	operator:core-acceptance-record	2.20			a0b5d09730903c393727abd1ca96d9873ea047e5262f4dbbe8abd00cc1802977
N-O002-10	ACCEPTED_FOR_INTERPRETATION	ACTIVE	BASE	"[""core"",""organ:O002""]"	O002	operator:core-acceptance-record	2.20			c4a8b3ba6799257a845c105ba24360e590b4965facb6f2ae7e2ad952fcfc85a9
N-O003-01	ACCEPTED_FOR_INTERPRETATION	ACTIVE	BASE	"[""core"",""organ:O003""]"	O003	operator:core-acceptance-record	2.20			06283921fcb4e2562deea401f0814babacb3291a6e79b5684d510161d423b9c8
N-O003-02	ACCEPTED_FOR_INTERPRETATION	ACTIVE	BASE	"[""core"",""organ:O003""]"	O003	operator:core-acceptance-record	2.20			0329ac649c087076b7f8b308bbe968e38b330e1d3ff88d22fb8ad4d62485d86a
N-O003-03	ACCEPTED_FOR_INTERPRETATION	ACTIVE	BASE	"[""core"",""organ:O003""]"	O003	operator:core-acceptance-record	2.20			2cd8774453ebe34edcfc8b38e85f47a1d534ae8ce3cf821a430857d9bca9116a
N-O003-04	ACCEPTED_FOR_INTERPRETATION	ACTIVE	BASE	"[""core"",""organ:O003""]"	O003	operator:core-acceptance-record	2.20			5058bf9201d5ad1431d22770804d5d7f5918443430a4cf68033614af06f2897e
N-O003-05	ACCEPTED_FOR_INTERPRETATION	ACTIVE	BASE	"[""core"",""organ:O003""]"	O003	operator:core-acceptance-record	2.20			82d28ea09802422fe66ed24397c0ee94da850e3982fc2cac76c58dbe1a708f26
N-O003-06	ACCEPTED_FOR_INTERPRETATION	ACTIVE	BASE	"[""core"",""organ:O003""]"	O003	operator:core-acceptance-record	2.20			dfb91194d95a172642bbd56dd7b71e51cc13e6dad804c89c57b48e317d6008ca
N-O003-07	ACCEPTED_FOR_INTERPRETATION	ACTIVE	BASE	"[""core"",""organ:O003""]"	O003	operator:core-acceptance-record	2.20			89ec24f8443cf9c9cd820b5b52a6477be3b65d683b68fe7676515a09cca53644
N-O003-10	ACCEPTED_FOR_INTERPRETATION	ACTIVE	BASE	"[""core"",""organ:O003""]"	O003	operator:core-acceptance-record	2.20			28ee6a46e4b5c26695b2d71b4ca21aad5f9f162d9c8e30c0bcd5143593960237
N-O004-01	ACCEPTED_FOR_INTERPRETATION	ACTIVE	BASE	"[""core"",""organ:O004""]"	O004	operator:core-acceptance-record	2.20			cc609d3c279335e33e767c0aea0c0408d6278a448dec47404f12c66ebd906c57
N-O004-02	ACCEPTED_FOR_INTERPRETATION	ACTIVE	BASE	"[""core"",""organ:O004""]"	O004	operator:core-acceptance-record	2.20			7954778d4b74729fd6fdc33761c5704157dfa4520accb5baa39e9bf6e9007914
N-O004-03	ACCEPTED_FOR_INTERPRETATION	ACTIVE	BASE	"[""core"",""organ:O004""]"	O004	operator:core-acceptance-record	2.20			d2d1103967455aeb56f52c12c710b80a091a29ef2aea30ae9f40cdfe1a7d6189
N-O004-04	ACCEPTED_FOR_INTERPRETATION	ACTIVE	BASE	"[""core"",""organ:O004""]"	O004	operator:core-acceptance-record	2.20			fbc28f1748f93ef299bd733ad4407e1541fcafa494be2413fa8fe24f61b2c672
N-O004-05	ACCEPTED_FOR_INTERPRETATION	ACTIVE	BASE	"[""core"",""organ:O004""]"	O004	operator:core-acceptance-record	2.20			382e7e018cfa6000f4d380e708228fa9da5ebb52f35c623485639036b41ec5b7
N-O004-06	ACCEPTED_FOR_INTERPRETATION	ACTIVE	BASE	"[""core"",""organ:O004""]"	O004	operator:core-acceptance-record	2.20			e74ec23680b6f3bf971234fecb1733316b6ef8719fd2805c49b4894f6778e876
N-O004-07	ACCEPTED_FOR_INTERPRETATION	ACTIVE	BASE	"[""core"",""organ:O004""]"	O004	operator:core-acceptance-record	2.20			ff6652917e361d55ad2344f166f8394421dd1420b070e4f5671acd6750994e44
N-O004-10	ACCEPTED_FOR_INTERPRETATION	ACTIVE	BASE	"[""core"",""organ:O004""]"	O004	operator:core-acceptance-record	2.20			7ffaaf7faf29890274df8ddf22d218cadbf0b2122d321aa87b41b8f2983e66cb
N-O005-01	ACCEPTED_FOR_INTERPRETATION	ACTIVE	BASE	"[""core"",""organ:O005""]"	O005	operator:core-acceptance-record	2.20			7dd68f841a2ffe015e85f403492087e33e5b7afb22744660afbf5bfc0148159c
N-O005-02	ACCEPTED_FOR_INTERPRETATION	ACTIVE	BASE	"[""core"",""organ:O005""]"	O005	operator:core-acceptance-record	2.20			005ea4f1fdc78b00924de6442110a6feaa3bac31b7496fa730f71de8c50ca14e
N-O005-03	ACCEPTED_FOR_INTERPRETATION	ACTIVE	BASE	"[""core"",""organ:O005""]"	O005	operator:core-acceptance-record	2.20			4118eef111fa1e52d8fde8f8aebe8336cfba6783807a0ea0f54dbda5bdf74ea1
N-O005-04	ACCEPTED_FOR_INTERPRETATION	ACTIVE	BASE	"[""core"",""organ:O005""]"	O005	operator:core-acceptance-record	2.20			065c7499081cbd2b18dc73fdf32533693fbb5ceb9e6a396e864ebfb999622c65
N-O005-05	ACCEPTED_FOR_INTERPRETATION	ACTIVE	BASE	"[""core"",""organ:O005""]"	O005	operator:core-acceptance-record	2.20			acec087421527b612142b727494741140f95fffffd894c27a1c7684be4205195
N-O005-06	ACCEPTED_FOR_INTERPRETATION	ACTIVE	BASE	"[""core"",""organ:O005""]"	O005	operator:core-acceptance-record	2.20			cdde2d61c67fc195383a6ec2fdd460675a9c661d97eed5d6a25b7f54a1657dda
N-O005-07	ACCEPTED_FOR_INTERPRETATION	ACTIVE	BASE	"[""core"",""organ:O005""]"	O005	operator:core-acceptance-record	2.20			304dc869804cf87092e19d0fb547a633649e9fa770ad722de68f3fc227535055
N-O005-10	ACCEPTED_FOR_INTERPRETATION	ACTIVE	BASE	"[""core"",""organ:O005""]"	O005	operator:core-acceptance-record	2.20			acb4a214aafda5878ac4d1f14e33d77e7b484bb75a1ce2f3026ff925be07da93
N-O006-01	ACCEPTED_FOR_INTERPRETATION	ACTIVE	BASE	"[""core"",""organ:O006""]"	O006	operator:core-acceptance-record	2.20			be099be0514a9fb7c0a6f6af989578684b08acfbfd876c24d87ffaa13fb398b5
N-O006-02	ACCEPTED_FOR_INTERPRETATION	ACTIVE	BASE	"[""core"",""organ:O006""]"	O006	operator:core-acceptance-record	2.20			abc400691cdb2d931c0156212bd34081e4f1eba8972469d91407ffd73bfb745c
N-O006-03	ACCEPTED_FOR_INTERPRETATION	ACTIVE	BASE	"[""core"",""organ:O006""]"	O006	operator:core-acceptance-record	2.20			98a6712b58535e829d211255371ee1c85416c494d9e6970cb2e099c2b018bd0b
N-O006-04	ACCEPTED_FOR_INTERPRETATION	ACTIVE	BASE	"[""core"",""organ:O006""]"	O006	operator:core-acceptance-record	2.20			e89d5331ae91c79931e61ae56b0344a01bbf0050cec3fb340ffcd6f0b2800218
N-O006-05	ACCEPTED_FOR_INTERPRETATION	ACTIVE	BASE	"[""core"",""organ:O006""]"	O006	operator:core-acceptance-record	2.20			048c16a5677e1907e6cdaabda158cf93de56d35833045c73223a7e4979c2e7d3
N-O006-06	ACCEPTED_FOR_INTERPRETATION	ACTIVE	BASE	"[""core"",""organ:O006""]"	O006	operator:core-acceptance-record	2.20			49033bba2d5752e9b73d495292c683bb4471d100e219aed28151480abeb6fe7a
N-O006-07	ACCEPTED_FOR_INTERPRETATION	ACTIVE	BASE	"[""core"",""organ:O006""]"	O006	operator:core-acceptance-record	2.20			a8c8cabba72c57a04d0d9e4810d99068254affeea8097d05efaaa60db1ecce26
N-O006-10	ACCEPTED_FOR_INTERPRETATION	ACTIVE	BASE	"[""core"",""organ:O006""]"	O006	operator:core-acceptance-record	2.20			e7dfeb9acda9f7dbea8723c5b26bb075c271e7c09c5ff4caf505c7e20d846a24
N-O007-01	ACCEPTED_FOR_INTERPRETATION	ACTIVE	BASE	"[""core"",""organ:O007""]"	O007	operator:core-acceptance-record	2.20			3b4d9f1459d0309f11afd51428fa9f08012641ca798a8817e0648ab36ba01885
N-O007-02	ACCEPTED_FOR_INTERPRETATION	ACTIVE	BASE	"[""core"",""organ:O007""]"	O007	operator:core-acceptance-record	2.20			f1c14f8d6223601ad4a4b6b6b9ad79937a1adb7f46a7e9919ffdec4080e35f94
N-O007-03	ACCEPTED_FOR_INTERPRETATION	ACTIVE	BASE	"[""core"",""organ:O007""]"	O007	operator:core-acceptance-record	2.20			9f21642b98451e8d7419cf9735c91afc3daa0db2b80ffe4f810ea087f5467826
N-O007-04	ACCEPTED_FOR_INTERPRETATION	ACTIVE	BASE	"[""core"",""organ:O007""]"	O007	operator:core-acceptance-record	2.20			d3749076ea004d154a31dce5e441f5fbd525f919cfdb89d44e20db0178a0d734
N-O007-05	ACCEPTED_FOR_INTERPRETATION	ACTIVE	BASE	"[""core"",""organ:O007""]"	O007	operator:core-acceptance-record	2.20			49ef9b8907ac6efebc8cab113621b5e5a96e869bbc17ee7100c78a8110ccb443
N-O007-06	ACCEPTED_FOR_INTERPRETATION	ACTIVE	BASE	"[""core"",""organ:O007""]"	O007	operator:core-acceptance-record	2.20			74170290d014c016d62c71f36f74d0b56b9ad4a56c8dde31e047f9792673fd29
N-O007-07	ACCEPTED_FOR_INTERPRETATION	ACTIVE	BASE	"[""core"",""organ:O007""]"	O007	operator:core-acceptance-record	2.20			fe43e1092997bbdd297459a70706604044e65cc7f0b7d3c64d8b545ffe125688
N-O007-10	ACCEPTED_FOR_INTERPRETATION	ACTIVE	BASE	"[""core"",""organ:O007""]"	O007	operator:core-acceptance-record	2.20			172b2670752af9af714e0a7c9ce3b0872a230e774bb90ae2855b7d65eba4c8f2
N-O008-01	ACCEPTED_FOR_INTERPRETATION	ACTIVE	BASE	"[""core"",""organ:O008""]"	O008	operator:core-acceptance-record	2.20			a5e9c2c27b57bd19b14d782719198b624db24680b38dcab43e0531f731ec79d1
N-O008-02	ACCEPTED_FOR_INTERPRETATION	ACTIVE	BASE	"[""core"",""organ:O008""]"	O008	operator:core-acceptance-record	2.20			3e20779ef7d32eb780a007899a45307ea9eab3b73164428c604b3ac9214a7762
N-O008-03	ACCEPTED_FOR_INTERPRETATION	ACTIVE	BASE	"[""core"",""organ:O008""]"	O008	operator:core-acceptance-record	2.20			968fe6857d73101a16b6eba4c8f912669590a2cc8cc7387864943a15b7bb4aaf
N-O008-04	ACCEPTED_FOR_INTERPRETATION	ACTIVE	BASE	"[""core"",""organ:O008""]"	O008	operator:core-acceptance-record	2.20			d2c7684bbccd4da186b9d7423102e6ef944bf0c4bd53692cbb46f0b57b673f86
N-O008-05	ACCEPTED_FOR_INTERPRETATION	ACTIVE	BASE	"[""core"",""organ:O008""]"	O008	operator:core-acceptance-record	2.20			982e54d584ff4c7fb470853ea79c0d496d9d55298076cbcd92040f22f9cba17c
N-O008-06	ACCEPTED_FOR_INTERPRETATION	ACTIVE	BASE	"[""core"",""organ:O008""]"	O008	operator:core-acceptance-record	2.20			a4d3a5a1433f2e5863ac8e4cf7142983f2b9427a78ffca37dd7c3b9fa5858698
N-O008-07	ACCEPTED_FOR_INTERPRETATION	ACTIVE	BASE	"[""core"",""organ:O008""]"	O008	operator:core-acceptance-record	2.20			f96d285935986fd867e68b1e8708852266da03ea596c394d5122d18aef04bf4f
N-O008-10	ACCEPTED_FOR_INTERPRETATION	ACTIVE	BASE	"[""core"",""organ:O008""]"	O008	operator:core-acceptance-record	2.20			c183241de5e7e452febcb80edf21a4f685bde4996fba39b6d13406f47c03ad42
N-O009-01	ACCEPTED_FOR_INTERPRETATION	ACTIVE	BASE	"[""core"",""organ:O009""]"	O009	operator:core-acceptance-record	2.20			8f5f02065af7fa764bf4402f472ce43bb6bc478f9e95d8d9d21537e39ebccb6d
N-O009-02	ACCEPTED_FOR_INTERPRETATION	ACTIVE	BASE	"[""core"",""organ:O009""]"	O009	operator:core-acceptance-record	2.20			1afb5ed527d531172207811a2b1711c920d5216725a1f63467e66a86156cf062
N-O009-03	ACCEPTED_FOR_INTERPRETATION	ACTIVE	BASE	"[""core"",""organ:O009""]"	O009	operator:core-acceptance-record	2.20			6bf0fa6a9fe76219dd508816539271480833b8c70dc0577bfa1b66b0d9c21f88
N-O009-04	ACCEPTED_FOR_INTERPRETATION	ACTIVE	BASE	"[""core"",""organ:O009""]"	O009	operator:core-acceptance-record	2.20			695e14c556aec6323797fbf424a8417b4ec919a8707b8c8860ce0949c5998ed7
N-O009-05	ACCEPTED_FOR_INTERPRETATION	ACTIVE	BASE	"[""core"",""organ:O009""]"	O009	operator:core-acceptance-record	2.20			5de8460d7f324e5ff461532611c3d3f5195e9e9f200df718562b68b96894913f
N-O009-06	ACCEPTED_FOR_INTERPRETATION	ACTIVE	BASE	"[""core"",""organ:O009""]"	O009	operator:core-acceptance-record	2.20			c8f738b95c46a7b72e4d694f4c3f7c13f4e0e4e8c4ce0df0f69d8fe253dc5141
N-O009-07	ACCEPTED_FOR_INTERPRETATION	ACTIVE	BASE	"[""core"",""organ:O009""]"	O009	operator:core-acceptance-record	2.20			e7f93ef52f46a133609fa34ba2e2e727b315e63cb4db1baef6b3762e50c5debf
N-O009-10	ACCEPTED_FOR_INTERPRETATION	ACTIVE	BASE	"[""core"",""organ:O009""]"	O009	operator:core-acceptance-record	2.20			64abf40bf7a5c0fa90544a6ca4d7d8fa22d361307504ce1cc6aca7f48875fe02
N-O010-01	ACCEPTED_FOR_INTERPRETATION	ACTIVE	BASE	"[""core"",""organ:O010""]"	O010	operator:core-acceptance-record	2.20			f7c6c89a3193ccd872b6c28f9283524f0adc37daf898d8e2d2b174eb6c087ae5
N-O010-02	ACCEPTED_FOR_INTERPRETATION	ACTIVE	BASE	"[""core"",""organ:O010""]"	O010	operator:core-acceptance-record	2.20			4bb43875735e007d2f859851a81b7c17b1c6d0c246734a5443d4c921ab292544
N-O010-03	ACCEPTED_FOR_INTERPRETATION	ACTIVE	BASE	"[""core"",""organ:O010""]"	O010	operator:core-acceptance-record	2.20			d00e0bd11261d21fc308519bf7254f4db57c425296c526eb8ea9eb5be4d39218
N-O010-04	ACCEPTED_FOR_INTERPRETATION	ACTIVE	BASE	"[""core"",""organ:O010""]"	O010	operator:core-acceptance-record	2.20			a7df8a8281be6b8192b3630042845a56f3d68679dc886977782a761133b53dd7
N-O010-05	ACCEPTED_FOR_INTERPRETATION	ACTIVE	BASE	"[""core"",""organ:O010""]"	O010	operator:core-acceptance-record	2.20			a74c0e2898eb27ee471dbe6dded3d6087a16359de1fed6d0bde938e601879849
N-O010-06	ACCEPTED_FOR_INTERPRETATION	ACTIVE	BASE	"[""core"",""organ:O010""]"	O010	operator:core-acceptance-record	2.20			ebf5caed78d556c655ff2d81dd0eeaa843cffa72b1978ba59028634a79a2134e
N-O010-07	ACCEPTED_FOR_INTERPRETATION	ACTIVE	BASE	"[""core"",""organ:O010""]"	O010	operator:core-acceptance-record	2.20			a380997525179691f463c9b00b0cb9412800dc76d4597f68abf58651fc680c3b
N-O010-10	ACCEPTED_FOR_INTERPRETATION	ACTIVE	BASE	"[""core"",""organ:O010""]"	O010	operator:core-acceptance-record	2.20			884ca4d7374364c1f68d354b8710036be4751eb2a2a8672ebae98fbe9471ffbc
N-O011-01	ACCEPTED_FOR_INTERPRETATION	ACTIVE	BASE	"[""core"",""organ:O011""]"	O011	operator:core-acceptance-record	2.20			9468ea2e4265dca0cde6fdad83b8e03ec48c2de9c71c64b9a4c88f0917dcded0
N-O011-02	ACCEPTED_FOR_INTERPRETATION	ACTIVE	BASE	"[""core"",""organ:O011""]"	O011	operator:core-acceptance-record	2.20			c53cc5a39a99cbb1b7adc4826f97687ff2649f748c72bcde644aa4dffa679ffc
N-O011-03	ACCEPTED_FOR_INTERPRETATION	ACTIVE	BASE	"[""core"",""organ:O011""]"	O011	operator:core-acceptance-record	2.20			08513f0cd007642e28048f0fb4f985b3627e0b420366bc4e494986b5d48b832b
N-O011-04	ACCEPTED_FOR_INTERPRETATION	ACTIVE	BASE	"[""core"",""organ:O011""]"	O011	operator:core-acceptance-record	2.20			f90f438a1e3ffdd1c39ce2203895a16719e065723823f50084e94cce1ee67dca
N-O011-05	ACCEPTED_FOR_INTERPRETATION	ACTIVE	BASE	"[""core"",""organ:O011""]"	O011	operator:core-acceptance-record	2.20			043dab5b08763289a4e7065886bcddcd40d65ed7c792a6cda63e6e0e5c1e16db
N-O011-06	ACCEPTED_FOR_INTERPRETATION	ACTIVE	BASE	"[""core"",""organ:O011""]"	O011	operator:core-acceptance-record	2.20			6d602b59b567e35e3e9fab29345fa537cdc5d4467a7b8d09b2d8c288f68a4525
N-O011-07	ACCEPTED_FOR_INTERPRETATION	ACTIVE	BASE	"[""core"",""organ:O011""]"	O011	operator:core-acceptance-record	2.20			b9b6bbd4935a8b369392c429c2520c87a98df3e28134b724b27da55b9ea9c050
N-O011-10	ACCEPTED_FOR_INTERPRETATION	ACTIVE	BASE	"[""core"",""organ:O011""]"	O011	operator:core-acceptance-record	2.20			a36be1e4e19dd21303117ffd70d7fb3d023d1d7ba110850c70c02cf1df9e2f5f
N-O012-01	ACCEPTED_FOR_INTERPRETATION	ACTIVE	BASE	"[""core"",""organ:O012""]"	O012	operator:core-acceptance-record	2.20			4cc22f16f34803a5ec7eb683f0ac72589fe8893083669cb76add324682826d7c
N-O012-02	ACCEPTED_FOR_INTERPRETATION	ACTIVE	BASE	"[""core"",""organ:O012""]"	O012	operator:core-acceptance-record	2.20			82df42918802e033a81c7ce00539aee4ce934c0d3b4051de31f26b8322bff6e0
N-O012-03	ACCEPTED_FOR_INTERPRETATION	ACTIVE	BASE	"[""core"",""organ:O012""]"	O012	operator:core-acceptance-record	2.20			d8d8180e2397b0acb383b01475e8a756b7efd25640da935af83f9fc1716939d0
N-O012-04	ACCEPTED_FOR_INTERPRETATION	ACTIVE	BASE	"[""core"",""organ:O012""]"	O012	operator:core-acceptance-record	2.20			111dff786a4af987951404d2ce42865aad383dbd37ba62c38c6df49e7a238df1
N-O012-05	ACCEPTED_FOR_INTERPRETATION	ACTIVE	BASE	"[""core"",""organ:O012""]"	O012	operator:core-acceptance-record	2.20			8bd842a7f662ee137f3f0f2d82ffe0feebf3b903f7fc2f2b1731b35b253c8806
N-O012-06	ACCEPTED_FOR_INTERPRETATION	ACTIVE	BASE	"[""core"",""organ:O012""]"	O012	operator:core-acceptance-record	2.20			94303bc5598bda6bd98dd7a30910862aebaffd879066f1dd49bb714e6dacfbfb
N-O012-07	ACCEPTED_FOR_INTERPRETATION	ACTIVE	BASE	"[""core"",""organ:O012""]"	O012	operator:core-acceptance-record	2.20			8acd63f22c689708b1b30c5d533281a8f06ab3f69e002fff725b5f1378ef3674
N-O012-10	ACCEPTED_FOR_INTERPRETATION	ACTIVE	BASE	"[""core"",""organ:O012""]"	O012	operator:core-acceptance-record	2.20			2b2333caa5401417da78351b76be8b065f8b3a6de64b0a784a63452bce9f2d98
N-O013-01	ACCEPTED_FOR_INTERPRETATION	ACTIVE	BASE	"[""core"",""organ:O013""]"	O013	operator:core-acceptance-record	2.20			e145b3ab4ff003d35a28f1cf94279e5e4cb14b741af541a6ee9b4a911368bcec
N-O013-02	ACCEPTED_FOR_INTERPRETATION	ACTIVE	BASE	"[""core"",""organ:O013""]"	O013	operator:core-acceptance-record	2.20			270deb99eb77b53e4b1267a1b26d768a5f731f81626d7bf6dfdc95a09a0d1613
N-O013-03	ACCEPTED_FOR_INTERPRETATION	ACTIVE	BASE	"[""core"",""organ:O013""]"	O013	operator:core-acceptance-record	2.20			1dbd1722ac96105a57c514fd2b313fc24545443719a66dfbc4ffc2a968a24bb0
N-O013-04	ACCEPTED_FOR_INTERPRETATION	ACTIVE	BASE	"[""core"",""organ:O013""]"	O013	operator:core-acceptance-record	2.20			526251d44ca0bf71bf873df04e99a2b664d23c0e79aa84a3ad9e7fcf8fa8c344
N-O013-05	ACCEPTED_FOR_INTERPRETATION	ACTIVE	BASE	"[""core"",""organ:O013""]"	O013	operator:core-acceptance-record	2.20			573f1fec31f5fcb03eddbe577bdfaa766b324516e07e56e92a504e4482acaf13
N-O013-06	ACCEPTED_FOR_INTERPRETATION	ACTIVE	BASE	"[""core"",""organ:O013""]"	O013	operator:core-acceptance-record	2.20			1d7043b06c44174bb54dc41248c0e797df39cf74a7a46bc7f3d085107e4a4ea5
N-O013-07	ACCEPTED_FOR_INTERPRETATION	ACTIVE	BASE	"[""core"",""organ:O013""]"	O013	operator:core-acceptance-record	2.20			53349e3caf34ff3f9f7e0accee33a11bf1d0d4a3e24fcaf40c8a07594d5e1f38
N-O013-10	ACCEPTED_FOR_INTERPRETATION	ACTIVE	BASE	"[""core"",""organ:O013""]"	O013	operator:core-acceptance-record	2.20			1131ccd4f3e7bcfcf1bcbf2f1791b21495685d624dd4e5aad77157b343f6c78e
N-O014-01	ACCEPTED_FOR_INTERPRETATION	ACTIVE	BASE	"[""core"",""organ:O014""]"	O014	operator:core-acceptance-record	2.20			b984203c4d64c7cdf18158b34d99f50cc7204242d96b6351da7a29ce376fe8cc
N-O014-02	ACCEPTED_FOR_INTERPRETATION	ACTIVE	BASE	"[""core"",""organ:O014""]"	O014	operator:core-acceptance-record	2.20			9a9e5979afa5f181d989351dc99397b08cf3d69b1b70710f01cc344dadac68cb
N-O014-03	ACCEPTED_FOR_INTERPRETATION	ACTIVE	BASE	"[""core"",""organ:O014""]"	O014	operator:core-acceptance-record	2.20			12b8335c19f71d7f35748bc2e311d1c3fee972545b745139580730e18cb5ef3a
N-O014-04	ACCEPTED_FOR_INTERPRETATION	ACTIVE	BASE	"[""core"",""organ:O014""]"	O014	operator:core-acceptance-record	2.20			ca5ecc5292717d5cc0cb6832aa6133faadbf5af4d08f452628ee888e006bb81b
N-O014-05	ACCEPTED_FOR_INTERPRETATION	ACTIVE	BASE	"[""core"",""organ:O014""]"	O014	operator:core-acceptance-record	2.20			30cf829bad074dbe5829032d0287513c7f13a9d40a1621aadda7e70ee0d1035a
N-O014-06	ACCEPTED_FOR_INTERPRETATION	ACTIVE	BASE	"[""core"",""organ:O014""]"	O014	operator:core-acceptance-record	2.20			b9dced12597b2e61f9f36948014385d620f6fa7c64694fd60b7bc90139e91207
N-O014-07	ACCEPTED_FOR_INTERPRETATION	ACTIVE	BASE	"[""core"",""organ:O014""]"	O014	operator:core-acceptance-record	2.20			273ab5d050ee0a12d82cc1897903a8ce2a09c84e11e54846ff3a4ddc30971274
N-O014-10	ACCEPTED_FOR_INTERPRETATION	ACTIVE	BASE	"[""core"",""organ:O014""]"	O014	operator:core-acceptance-record	2.20			22bab7ce45a94e2de07e0a3a38aae5b8f4a08db59df18d4afa586d2dadedfe25
N-O015-01	ACCEPTED_FOR_INTERPRETATION	ACTIVE	BASE	"[""core"",""organ:O015""]"	O015	operator:core-acceptance-record	2.20			92a05ea3dab7021b0c895f824d17e4aed7c43d9dca2381c6fe3192740cb03c35
N-O015-02	ACCEPTED_FOR_INTERPRETATION	ACTIVE	BASE	"[""core"",""organ:O015""]"	O015	operator:core-acceptance-record	2.20			b37bff856f629aa403287b1b33e2feb704c697a5cce0482e809f413d2b414b5a
N-O015-03	ACCEPTED_FOR_INTERPRETATION	ACTIVE	BASE	"[""core"",""organ:O015""]"	O015	operator:core-acceptance-record	2.20			d6dba132e36e9582b49b63979ab050c5ebc9d6e244dee78b885367831491b2a6
N-O015-04	ACCEPTED_FOR_INTERPRETATION	ACTIVE	BASE	"[""core"",""organ:O015""]"	O015	operator:core-acceptance-record	2.20			76f5b327c3ac567a22ca99d92482785ba9275c074848cbc774186cd834ff7bb2
N-O015-05	ACCEPTED_FOR_INTERPRETATION	ACTIVE	BASE	"[""core"",""organ:O015""]"	O015	operator:core-acceptance-record	2.20			e3a3b2ba6097eb16213429d0679d6dd2ab4e0b5bb9f47f5809f7f14e2576eaf7
N-O015-06	ACCEPTED_FOR_INTERPRETATION	ACTIVE	BASE	"[""core"",""organ:O015""]"	O015	operator:core-acceptance-record	2.20			320a9c6fe63d02f4df1ba65c9ecf635a688731915eb567bfd67cfa7ab90d7a98
N-O015-07	ACCEPTED_FOR_INTERPRETATION	ACTIVE	BASE	"[""core"",""organ:O015""]"	O015	operator:core-acceptance-record	2.20			65817bc5937de98972454f3f282be8721d1f700e4e99b37dae0a82e28f47af5d
N-O015-10	ACCEPTED_FOR_INTERPRETATION	ACTIVE	BASE	"[""core"",""organ:O015""]"	O015	operator:core-acceptance-record	2.20			0121ae1e6bc5ebe83fe0531191ad1f5e5277dd137407b196babf059b90e0089e
N-O016-01	ACCEPTED_FOR_INTERPRETATION	ACTIVE	BASE	"[""core"",""organ:O016""]"	O016	operator:core-acceptance-record	2.20			a01402de1792718ce9f3c051cbcdd7c5efc55348dd8a45b1bac65f174480330e
N-O016-02	ACCEPTED_FOR_INTERPRETATION	ACTIVE	BASE	"[""core"",""organ:O016""]"	O016	operator:core-acceptance-record	2.20			049c99b8d63249ca50852f77178f11539523538fe4ba07fb081dd8cc1ae2cfc3
N-O016-03	ACCEPTED_FOR_INTERPRETATION	ACTIVE	BASE	"[""core"",""organ:O016""]"	O016	operator:core-acceptance-record	2.20			683bc458a6d163c2b34782e4c27bedb064b9199d28feb5f75a4b45e209af9f25
N-O016-04	ACCEPTED_FOR_INTERPRETATION	ACTIVE	BASE	"[""core"",""organ:O016""]"	O016	operator:core-acceptance-record	2.20			fdb23e483c8004442548491081a958f8b33a7d2dfa0a4bc32bac26f19a4342b5
N-O016-05	ACCEPTED_FOR_INTERPRETATION	ACTIVE	BASE	"[""core"",""organ:O016""]"	O016	operator:core-acceptance-record	2.20			b597e490453e149b82a88a6b4e8028a48942faf80f69ddf321eaee33d100e301
N-O016-06	ACCEPTED_FOR_INTERPRETATION	ACTIVE	BASE	"[""core"",""organ:O016""]"	O016	operator:core-acceptance-record	2.20			cde4b725260ebea2049855f3471e4f28f7de5676e174860e985e4931421eb1d9
N-O016-07	ACCEPTED_FOR_INTERPRETATION	ACTIVE	BASE	"[""core"",""organ:O016""]"	O016	operator:core-acceptance-record	2.20			93312460b6d53a16b6c697249c9a316c5c0f65cfca786922a0c84a78ee524cba
N-O016-10	ACCEPTED_FOR_INTERPRETATION	ACTIVE	BASE	"[""core"",""organ:O016""]"	O016	operator:core-acceptance-record	2.20			5562e9945529dc4bf3179ab670ab0ac358e9427cfb3fb98f41ab43473d7b56fe
N-O017-01	ACCEPTED_FOR_INTERPRETATION	ACTIVE	BASE	"[""core"",""organ:O017""]"	O017	operator:core-acceptance-record	2.20			0519f3eb67446a71eb1e602c6d59fc6668d898123d6fc92db7bf02af5a24e6bc
N-O017-02	ACCEPTED_FOR_INTERPRETATION	ACTIVE	BASE	"[""core"",""organ:O017""]"	O017	operator:core-acceptance-record	2.20			4e833b24278f29869d14962f5f854961bb99c63a50c2d19e791291bb2366fb08
N-O017-03	ACCEPTED_FOR_INTERPRETATION	ACTIVE	BASE	"[""core"",""organ:O017""]"	O017	operator:core-acceptance-record	2.20			3ddad0614f52ae724ab06de836415b1991525c72319f83cb9651d6e358326809
N-O017-04	ACCEPTED_FOR_INTERPRETATION	ACTIVE	BASE	"[""core"",""organ:O017""]"	O017	operator:core-acceptance-record	2.20			a3e5ca9afadf9ca0362855c7d784728490b0f954d7cd449e6b8a189e0db03ee5
N-O017-05	ACCEPTED_FOR_INTERPRETATION	ACTIVE	BASE	"[""core"",""organ:O017""]"	O017	operator:core-acceptance-record	2.20			03e054c9d7085b4a8e323986c9eb8e34c82d5e17dbb39d9b410d308d8e22be7d
N-O017-06	ACCEPTED_FOR_INTERPRETATION	ACTIVE	BASE	"[""core"",""organ:O017""]"	O017	operator:core-acceptance-record	2.20			05fddcd4120d5f2162bab20514aac5ab53c8e94f8b9aaa39c97d1afb8e4162c2
N-O017-07	ACCEPTED_FOR_INTERPRETATION	ACTIVE	BASE	"[""core"",""organ:O017""]"	O017	operator:core-acceptance-record	2.20			f8aa52fa345eb6625b4e8a0a4b4a6ad03a6c21e5044a0ba3a23e9017c8617740
N-O017-10	ACCEPTED_FOR_INTERPRETATION	ACTIVE	BASE	"[""core"",""organ:O017""]"	O017	operator:core-acceptance-record	2.20			a47a5a0783869ffb079688fbfca843e9f7ccac2a15a8d9df95648ed205abd685
N-O018-01	ACCEPTED_FOR_INTERPRETATION	ACTIVE	BASE	"[""core"",""organ:O018""]"	O018	operator:core-acceptance-record	2.20			ad93509808f635b355523628efad19dab3282b3bb98815448960bb42ea977698
N-O018-02	ACCEPTED_FOR_INTERPRETATION	ACTIVE	BASE	"[""core"",""organ:O018""]"	O018	operator:core-acceptance-record	2.20			93aa83419ba58da904a09f34b1909dd3076c9c64f876e432420e80dc64ab0345
N-O018-03	ACCEPTED_FOR_INTERPRETATION	ACTIVE	BASE	"[""core"",""organ:O018""]"	O018	operator:core-acceptance-record	2.20			418dd4ca0f182db3703c3aa8d4dd7a23c40a8305974d8c8a169e4777a5574453
N-O018-04	ACCEPTED_FOR_INTERPRETATION	ACTIVE	BASE	"[""core"",""organ:O018""]"	O018	operator:core-acceptance-record	2.20			7feb4c87213ed345722875e8f3d824802f3e97f7f661186cf8023705b6962e78
N-O018-05	ACCEPTED_FOR_INTERPRETATION	ACTIVE	BASE	"[""core"",""organ:O018""]"	O018	operator:core-acceptance-record	2.20			31d54bee731d787dad29dc0c1b867157608ff195244b971b9f2c634e7b230751
N-O018-06	ACCEPTED_FOR_INTERPRETATION	ACTIVE	BASE	"[""core"",""organ:O018""]"	O018	operator:core-acceptance-record	2.20			8afbc8aa80ebba006f727284325f174640122d439d45895cac8c676af355d866
N-O018-07	ACCEPTED_FOR_INTERPRETATION	ACTIVE	BASE	"[""core"",""organ:O018""]"	O018	operator:core-acceptance-record	2.20			8935f4e6cd887aa15338a1d0ed9020f5fa140d45969202efc239c8df02eda242
N-O018-10	ACCEPTED_FOR_INTERPRETATION	ACTIVE	BASE	"[""core"",""organ:O018""]"	O018	operator:core-acceptance-record	2.20			58a091a68358cdd7b834187bf540c85674da18a4660e451f2486c98a87d99dcd
N-O019-01	ACCEPTED_FOR_INTERPRETATION	ACTIVE	BASE	"[""core"",""organ:O019""]"	O019	operator:core-acceptance-record	2.20			88ade2c494dc93a9c09e215fd6e52496f1a430080ed9d7e23457e1cdbff39add
N-O019-02	ACCEPTED_FOR_INTERPRETATION	ACTIVE	BASE	"[""core"",""organ:O019""]"	O019	operator:core-acceptance-record	2.20			2be7a38596b142ac4d123f24ba3762255835b99a9ea04c93b42ceda26c5677be
N-O019-03	ACCEPTED_FOR_INTERPRETATION	ACTIVE	BASE	"[""core"",""organ:O019""]"	O019	operator:core-acceptance-record	2.20			84b1e11d41a18bad92d2f3ff8493a95fb39747520177b2a26818f5067fe94080
N-O019-04	ACCEPTED_FOR_INTERPRETATION	ACTIVE	BASE	"[""core"",""organ:O019""]"	O019	operator:core-acceptance-record	2.20			3a6594d3c02981d309daee2c9eb5ff59cbd9fbbbbc5b1ee6f00bc661b2345297
N-O019-05	ACCEPTED_FOR_INTERPRETATION	ACTIVE	BASE	"[""core"",""organ:O019""]"	O019	operator:core-acceptance-record	2.20			50596c4510c445b3f2a91bc659e74bbc5abd652c77c41fb3f26206a955bf32ed
N-O019-06	ACCEPTED_FOR_INTERPRETATION	ACTIVE	BASE	"[""core"",""organ:O019""]"	O019	operator:core-acceptance-record	2.20			0d6ee4397eebc713853cf0839327a82cf59820fc6c8f7a8cb5e9d985d084fa48
N-O019-07	ACCEPTED_FOR_INTERPRETATION	ACTIVE	BASE	"[""core"",""organ:O019""]"	O019	operator:core-acceptance-record	2.20			90f6c791a1bca0e88ad81bd46f9cb81a64ecdeaf70e84d914be0005c7b98b7f1
N-O019-10	ACCEPTED_FOR_INTERPRETATION	ACTIVE	BASE	"[""core"",""organ:O019""]"	O019	operator:core-acceptance-record	2.20			8c18e9cd689f38b8d872eca5909926ebc030200226b45d9dcd26293588eb5eee
N-O020-01	ACCEPTED_FOR_INTERPRETATION	ACTIVE	BASE	"[""core"",""organ:O020""]"	O020	operator:core-acceptance-record	2.20			f8e9b07e1b335bce987f63f75a73c2502e405e5926f1d995af38f1cffe77a951
N-O020-02	ACCEPTED_FOR_INTERPRETATION	ACTIVE	BASE	"[""core"",""organ:O020""]"	O020	operator:core-acceptance-record	2.20			0c16d88313a3b63d1397e51b3afb0e7946161aee212f359603e4ff6c42eceeca
N-O020-03	ACCEPTED_FOR_INTERPRETATION	ACTIVE	BASE	"[""core"",""organ:O020""]"	O020	operator:core-acceptance-record	2.20			c9d260b762d449280ab1f77becfd14597a05fdd3d8b3900c0ad19056ba731e2d
N-O020-04	ACCEPTED_FOR_INTERPRETATION	ACTIVE	BASE	"[""core"",""organ:O020""]"	O020	operator:core-acceptance-record	2.20			0c651df607643dab0ba56efdfa012695c6ec2314dc33a8fceab19d5c18d92fd9
N-O020-05	ACCEPTED_FOR_INTERPRETATION	ACTIVE	BASE	"[""core"",""organ:O020""]"	O020	operator:core-acceptance-record	2.20			9df921d5b1280e4fc4c2805b5118bfc8c036b88f2ffdbbd631cafc1a18a8c017
N-O020-06	ACCEPTED_FOR_INTERPRETATION	ACTIVE	BASE	"[""core"",""organ:O020""]"	O020	operator:core-acceptance-record	2.20			1942d107e191a0c84c8d4238faf5257492d72519ab7ab3bc59432f6eb566ac98
N-O020-07	ACCEPTED_FOR_INTERPRETATION	ACTIVE	BASE	"[""core"",""organ:O020""]"	O020	operator:core-acceptance-record	2.20			5da51adc11d05c0085ece1a098b44407d24b8250ede87be348528877d6276e26
N-O020-10	ACCEPTED_FOR_INTERPRETATION	ACTIVE	BASE	"[""core"",""organ:O020""]"	O020	operator:core-acceptance-record	2.20			10c96ad3e9e0c445c15a4681086a5ef6434b0097d7876923780064ec3fb1c3ca
N-O021-01	ACCEPTED_FOR_INTERPRETATION	ACTIVE	BASE	"[""core"",""organ:O021""]"	O021	operator:core-acceptance-record	2.20			a1e466404995f490e94e71fd0eceb0dfb09737e1b12554817a90419f0787adc7
N-O021-02	ACCEPTED_FOR_INTERPRETATION	ACTIVE	BASE	"[""core"",""organ:O021""]"	O021	operator:core-acceptance-record	2.20			8a77bd71ec5622e4a247e7f5d38e9e174c53c4db73b637a3f0d85276e406eebf
N-O021-03	ACCEPTED_FOR_INTERPRETATION	ACTIVE	BASE	"[""core"",""organ:O021""]"	O021	operator:core-acceptance-record	2.20			a32d4114dbfe5ad91f4a157a33cad3240eef008a0c7592653173cff722841f7c
N-O021-04	ACCEPTED_FOR_INTERPRETATION	ACTIVE	BASE	"[""core"",""organ:O021""]"	O021	operator:core-acceptance-record	2.20			68ca11bee8d46b864df3586d0a1b0948b47c007a9119a27a0474b653df5d2381
N-O021-05	ACCEPTED_FOR_INTERPRETATION	ACTIVE	BASE	"[""core"",""organ:O021""]"	O021	operator:core-acceptance-record	2.20			7e37ff9e2e715930d4be99b5b06ba42707efa4a654dcf926faae8241192de58d
N-O021-06	ACCEPTED_FOR_INTERPRETATION	ACTIVE	BASE	"[""core"",""organ:O021""]"	O021	operator:core-acceptance-record	2.20			4f39ced2ed91a90621347363e001d776064c8661b5ea4a28ce3192eac8258f3f
N-O021-07	ACCEPTED_FOR_INTERPRETATION	ACTIVE	BASE	"[""core"",""organ:O021""]"	O021	operator:core-acceptance-record	2.20			c0a4c60e87473f5a3842499e34067881b55b715656f9cd91140f10537c0075d4
N-O021-10	ACCEPTED_FOR_INTERPRETATION	ACTIVE	BASE	"[""core"",""organ:O021""]"	O021	operator:core-acceptance-record	2.20			86b64146e7e3c2031778b6168a39eeeec4f9a1d5f83be1a337dfa7845b2454b4
N-O022-01	ACCEPTED_FOR_INTERPRETATION	ACTIVE	BASE	"[""core"",""organ:O022""]"	O022	operator:core-acceptance-record	2.20			7e66c446e298829983d6f687d7ec3f57395e84694e1f35c82557a7449917c5be
N-O022-02	ACCEPTED_FOR_INTERPRETATION	ACTIVE	BASE	"[""core"",""organ:O022""]"	O022	operator:core-acceptance-record	2.20			0364fb90d0516fa838f65a289468a6a11ef5a0847451b0462fa117b9b13d3b23
N-O022-03	ACCEPTED_FOR_INTERPRETATION	ACTIVE	BASE	"[""core"",""organ:O022""]"	O022	operator:core-acceptance-record	2.20			9f1689dfb4cc7879444d043d5d06572d64a8597a8cd736333793e1a472956338
N-O022-04	ACCEPTED_FOR_INTERPRETATION	ACTIVE	BASE	"[""core"",""organ:O022""]"	O022	operator:core-acceptance-record	2.20			d7b03ddeedca6434cf28b4c3c341c139c4422e709cfb22c1229f3049480643cb
N-O022-05	ACCEPTED_FOR_INTERPRETATION	ACTIVE	BASE	"[""core"",""organ:O022""]"	O022	operator:core-acceptance-record	2.20			b9354e2b041aaaa2360481d036ce5a9d09482e573a5b72ccb997aa94ed280405
N-O022-06	ACCEPTED_FOR_INTERPRETATION	ACTIVE	BASE	"[""core"",""organ:O022""]"	O022	operator:core-acceptance-record	2.20			069c272dedad034751c98eeba162088fedcfdccb04b9bdd5bb9d58aee0673147
N-O022-07	ACCEPTED_FOR_INTERPRETATION	ACTIVE	BASE	"[""core"",""organ:O022""]"	O022	operator:core-acceptance-record	2.20			6e01b9720e0cfde78d9cb900e60d9286155c1e32d5963093aebb9cbdad27ff40
N-O022-10	ACCEPTED_FOR_INTERPRETATION	ACTIVE	BASE	"[""core"",""organ:O022""]"	O022	operator:core-acceptance-record	2.20			6eb7bb232efe3b1d96b54d085205a356f8b48d923572ae7ca66ef3536e0a7927
N-O023-01	ACCEPTED_FOR_INTERPRETATION	ACTIVE	BASE	"[""core"",""organ:O023""]"	O023	operator:core-acceptance-record	2.20			7c18a6422fd4b56c1a49a6dc0092502e3f87992b4b183c0b5fe35ffffb3521bd
N-O023-02	ACCEPTED_FOR_INTERPRETATION	ACTIVE	BASE	"[""core"",""organ:O023""]"	O023	operator:core-acceptance-record	2.20			99eeb08900c5f343382dbd9b8024fce7be676f6beee6eeabcdfdae6409e3a111
N-O023-03	ACCEPTED_FOR_INTERPRETATION	ACTIVE	BASE	"[""core"",""organ:O023""]"	O023	operator:core-acceptance-record	2.20			7586a3fd82193d89923a34bb94bc21c476cb3ff804729b1ffbff77460e55a336
N-O023-04	ACCEPTED_FOR_INTERPRETATION	ACTIVE	BASE	"[""core"",""organ:O023""]"	O023	operator:core-acceptance-record	2.20			d69b3dc41d45a2dd7443568677919e12d13fbb02006526163f180cc56385263e
N-O023-05	ACCEPTED_FOR_INTERPRETATION	ACTIVE	BASE	"[""core"",""organ:O023""]"	O023	operator:core-acceptance-record	2.20			9bfc818f4ef3333678be5973576823239104d977ff4d2b7b3c22aa998d78e7e2
N-O023-06	ACCEPTED_FOR_INTERPRETATION	ACTIVE	BASE	"[""core"",""organ:O023""]"	O023	operator:core-acceptance-record	2.20			a00f471f184aa92f293e18049aa28840a7189cfca50319ef8a15970b802c0f8a
N-O023-07	ACCEPTED_FOR_INTERPRETATION	ACTIVE	BASE	"[""core"",""organ:O023""]"	O023	operator:core-acceptance-record	2.20			23e7a6200df0cc39b259542682b0b47f30bcf5909217f3e317fd7bc82ae0fd6b
N-O023-10	ACCEPTED_FOR_INTERPRETATION	ACTIVE	BASE	"[""core"",""organ:O023""]"	O023	operator:core-acceptance-record	2.20			047bf35cf6905cbdcae1a3a277af8b9b01b6631450afcf276fca05052b07a607
N-O024-01	ACCEPTED_FOR_INTERPRETATION	ACTIVE	BASE	"[""core"",""organ:O024""]"	O024	operator:core-acceptance-record	2.20			1f4c1b44ed12a8f6392449e53c154c772c04f4cfff417c444d6af9af4a1a263a
N-O024-02	ACCEPTED_FOR_INTERPRETATION	ACTIVE	BASE	"[""core"",""organ:O024""]"	O024	operator:core-acceptance-record	2.20			b0d1583a04c7bfd3b7634c6b3384b019f4847d349eabc5a514a106f1afea2c29
N-O024-03	ACCEPTED_FOR_INTERPRETATION	ACTIVE	BASE	"[""core"",""organ:O024""]"	O024	operator:core-acceptance-record	2.20			2630d1786b6f5ebf72707b7d44440aa763df6ab3104dcfc09797dec25be120c4
N-O024-04	ACCEPTED_FOR_INTERPRETATION	ACTIVE	BASE	"[""core"",""organ:O024""]"	O024	operator:core-acceptance-record	2.20			e1573010c5f7aacffc0f1d43bc8191b8486c0ea6cef1254fc3e7df56e7f2bc6e
N-O024-05	ACCEPTED_FOR_INTERPRETATION	ACTIVE	BASE	"[""core"",""organ:O024""]"	O024	operator:core-acceptance-record	2.20			8ecfab938586c482b8df2bdeb8078766754711f3dbe84204e3e363c9401deb04
N-O024-06	ACCEPTED_FOR_INTERPRETATION	ACTIVE	BASE	"[""core"",""organ:O024""]"	O024	operator:core-acceptance-record	2.20			b2f406778eafbf69383e3b0e34e281aaaecf6e2ef5630bef06240d51c7cbc4f4
N-O024-07	ACCEPTED_FOR_INTERPRETATION	ACTIVE	BASE	"[""core"",""organ:O024""]"	O024	operator:core-acceptance-record	2.20			effd578a82307a430e93683aa0590e9bcba96f4c2247e776cbdad5a535a6633f
N-O024-10	ACCEPTED_FOR_INTERPRETATION	ACTIVE	BASE	"[""core"",""organ:O024""]"	O024	operator:core-acceptance-record	2.20			60e40744ecbe606e114872677a1b71d5acf035105aaa28b7fe9c41f629ce89aa
N-O025-01	ACCEPTED_FOR_INTERPRETATION	ACTIVE	BASE	"[""core"",""organ:O025""]"	O025	operator:core-acceptance-record	2.20			c63143aa47351d3361ec8cc86500fa33d7008a639cb06f69f5e430e4a4523a94
N-O025-02	ACCEPTED_FOR_INTERPRETATION	ACTIVE	BASE	"[""core"",""organ:O025""]"	O025	operator:core-acceptance-record	2.20			ba066d78e728dc22e50ac2a2a6690a97843740c65ce3c9770a569779dd9717dd
N-O025-03	ACCEPTED_FOR_INTERPRETATION	ACTIVE	BASE	"[""core"",""organ:O025""]"	O025	operator:core-acceptance-record	2.20			454d27cd097ba2afb5fd5c5f7b4fe32e242e93cb21ff2a26a8291b9459f08146
N-O025-04	ACCEPTED_FOR_INTERPRETATION	ACTIVE	BASE	"[""core"",""organ:O025""]"	O025	operator:core-acceptance-record	2.20			3a434f984670ab103935fc8cbae1c2cff1321642a6579e527abda883e4f38ad3
N-O025-05	ACCEPTED_FOR_INTERPRETATION	ACTIVE	BASE	"[""core"",""organ:O025""]"	O025	operator:core-acceptance-record	2.20			0c8390bdf058e478075a8da988a6971164156e80611f2b614175e94ef1b38922
N-O025-06	ACCEPTED_FOR_INTERPRETATION	ACTIVE	BASE	"[""core"",""organ:O025""]"	O025	operator:core-acceptance-record	2.20			f051281f9dd25ff3fc009ac5ed21fec75f8dd12b951d628442df48ee65e45b17
N-O025-07	ACCEPTED_FOR_INTERPRETATION	ACTIVE	BASE	"[""core"",""organ:O025""]"	O025	operator:core-acceptance-record	2.20			c7ffeb410ef81116b281c8352345c0e9c7e7053001124b2131d377b0939d60ae
N-O025-10	ACCEPTED_FOR_INTERPRETATION	ACTIVE	BASE	"[""core"",""organ:O025""]"	O025	operator:core-acceptance-record	2.20			3c468d28155db96508f400edb7b154d992f3926562bdc64718fe814f87a8b75b
N-O026-01	ACCEPTED_FOR_INTERPRETATION	ACTIVE	BASE	"[""core"",""organ:O026""]"	O026	operator:core-acceptance-record	2.20			4b776f74d629e63dc2a6bd184d20a7bb84ca7f9d6541b3f69328fd998c2fe0e7
N-O026-02	ACCEPTED_FOR_INTERPRETATION	ACTIVE	BASE	"[""core"",""organ:O026""]"	O026	operator:core-acceptance-record	2.20			80bd2f163f93341312cd7b351e311a3c9922d6297d6b85c23a71a324d6124578
N-O026-03	ACCEPTED_FOR_INTERPRETATION	ACTIVE	BASE	"[""core"",""organ:O026""]"	O026	operator:core-acceptance-record	2.20			bd7db84c45c93fc9f0a662eebb42572128ae3e9c6ec195e7dd04774644378591
N-O026-04	ACCEPTED_FOR_INTERPRETATION	ACTIVE	BASE	"[""core"",""organ:O026""]"	O026	operator:core-acceptance-record	2.20			0f654508eeff449113a7524e42cc2a8c7d8375d948f954c55616bc2a4af9e8f8
N-O026-05	ACCEPTED_FOR_INTERPRETATION	ACTIVE	BASE	"[""core"",""organ:O026""]"	O026	operator:core-acceptance-record	2.20			5d43cfbe189db806479ce825bb3d2581230dde0f90b5b6c3652634f766f8964c
N-O026-06	ACCEPTED_FOR_INTERPRETATION	ACTIVE	BASE	"[""core"",""organ:O026""]"	O026	operator:core-acceptance-record	2.20			2285fa208f79a9ae7cf82009e78c39962c47f789dfd4754b845a5b4138934289
N-O026-07	ACCEPTED_FOR_INTERPRETATION	ACTIVE	BASE	"[""core"",""organ:O026""]"	O026	operator:core-acceptance-record	2.20			dcff14624455366b68a4c8200fd50ba5276074cdff66eb7a387aae4b632d4ee5
N-O026-10	ACCEPTED_FOR_INTERPRETATION	ACTIVE	BASE	"[""core"",""organ:O026""]"	O026	operator:core-acceptance-record	2.20			ac3f78c3e0ca90a67cf92cdac005d91c09e7d6823a89c67ef78ca2efb3b2c5b3
N-O027-01	ACCEPTED_FOR_INTERPRETATION	ACTIVE	BASE	"[""core"",""organ:O027""]"	O027	operator:core-acceptance-record	2.20			75c31dc913ac12c862b0c16b92fc2c9db4af5a3895683ac93793de62c6ecfe55
N-O027-02	ACCEPTED_FOR_INTERPRETATION	ACTIVE	BASE	"[""core"",""organ:O027""]"	O027	operator:core-acceptance-record	2.20			c8bfaec2f1ff2b28da161ca95d5f3e9633ba860f0c908f394b1bdf92a07bdca9
N-O027-03	ACCEPTED_FOR_INTERPRETATION	ACTIVE	BASE	"[""core"",""organ:O027""]"	O027	operator:core-acceptance-record	2.20			8873cf59013a35fdaad6cc79e59257c1b829a2b0643d3343da4ef7ac0357a1fd
N-O027-04	ACCEPTED_FOR_INTERPRETATION	ACTIVE	BASE	"[""core"",""organ:O027""]"	O027	operator:core-acceptance-record	2.20			9ec8b5747ffe6eacfc668be518cbaab35963deaaeff58bdc6c8f905e275f5cfe
N-O027-05	ACCEPTED_FOR_INTERPRETATION	ACTIVE	BASE	"[""core"",""organ:O027""]"	O027	operator:core-acceptance-record	2.20			209449d6eea91297d39d5fb686a0e1843a21f45fc5c3dd7a68452c69d28978ce
N-O027-06	ACCEPTED_FOR_INTERPRETATION	ACTIVE	BASE	"[""core"",""organ:O027""]"	O027	operator:core-acceptance-record	2.20			c992f780582a89c588cbc98486ab7d5b328b1e2c2cdf97c4190f55290773c7f8
N-O027-07	ACCEPTED_FOR_INTERPRETATION	ACTIVE	BASE	"[""core"",""organ:O027""]"	O027	operator:core-acceptance-record	2.20			4dd596539482341c0f0863c1a2b392b6dff23273cd04add41704819089ad09fd
N-O027-10	ACCEPTED_FOR_INTERPRETATION	ACTIVE	BASE	"[""core"",""organ:O027""]"	O027	operator:core-acceptance-record	2.20			5b31c3ad7dd6fa7e237461f71551637d42580e55db36a9042a7b3216b4121583
N-O028-01	ACCEPTED_FOR_INTERPRETATION	ACTIVE	BASE	"[""core"",""organ:O028""]"	O028	operator:core-acceptance-record	2.20			f161145ed47e62d73c480682d966f777db2b0df026031d948cd20f7728bb0773
N-O028-02	ACCEPTED_FOR_INTERPRETATION	ACTIVE	BASE	"[""core"",""organ:O028""]"	O028	operator:core-acceptance-record	2.20			83c81f665f8f3651605a395442346434e9f8478e7ca91615982265870fae695d
N-O028-03	ACCEPTED_FOR_INTERPRETATION	ACTIVE	BASE	"[""core"",""organ:O028""]"	O028	operator:core-acceptance-record	2.20			63ff7cb94a4c13c629f8d414a099bd2275731af67a143c8a7aa10a77c41a9c20
N-O028-04	ACCEPTED_FOR_INTERPRETATION	ACTIVE	BASE	"[""core"",""organ:O028""]"	O028	operator:core-acceptance-record	2.20			15025362b37de971f242a9b7ef0ca941534bdbda8a36f5e2d0ee76c03dfaa870
N-O028-05	ACCEPTED_FOR_INTERPRETATION	ACTIVE	BASE	"[""core"",""organ:O028""]"	O028	operator:core-acceptance-record	2.20			09720fbc1446d86c1131a222f498858e3fc5dd9474b35a9434bc113696829ed2
N-O028-06	ACCEPTED_FOR_INTERPRETATION	ACTIVE	BASE	"[""core"",""organ:O028""]"	O028	operator:core-acceptance-record	2.20			92acc66eb1e0066143d502280a028eaecc8d7567d2ecf6cd7d83b04618d4a853
N-O028-07	ACCEPTED_FOR_INTERPRETATION	ACTIVE	BASE	"[""core"",""organ:O028""]"	O028	operator:core-acceptance-record	2.20			90d11541714024b5e57c90b57ac496caa4f06e2a5eb80f40f8cb0fde3f58efd1
N-O028-10	ACCEPTED_FOR_INTERPRETATION	ACTIVE	BASE	"[""core"",""organ:O028""]"	O028	operator:core-acceptance-record	2.20			8fc1fad17e983168a460a32b2be39b59c4dd48fae19a9fdb637bbe08b3351de3
T-N-001	ACCEPTED_FOR_INTERPRETATION	ACTIVE	PERSONAL	"[""personal_layer""]"	T-O001	operator:core-acceptance-record	2.20			7d350e4c8d1d6e654be3fd5944e1a915c4a317b50125db64823ac538495434d1
T-N-002	ACCEPTED_FOR_INTERPRETATION	ACTIVE	PERSONAL	"[""personal_layer""]"	T-O001	operator:core-acceptance-record	2.20			d7c40a729baa4c3ed898ca3a1020a6363bcf6f93cc4e8e4d199deada5534b845
T-N-003	ACCEPTED_FOR_INTERPRETATION	ACTIVE	PERSONAL	"[""personal_layer""]"	T-O001	operator:core-acceptance-record	2.20			ca3369fb607d82b81b293a5bb918c3b0484263e06dbf3c3e7ad417ee24d98759
T-N-004	ACCEPTED_FOR_INTERPRETATION	ACTIVE	PERSONAL	"[""personal_layer""]"	T-O001	operator:core-acceptance-record	2.20			a2d819bd0ffdd89372d1725c3fe87a02f3e130b2c22532b3b83c55af79fda0cf
T-N-005	ACCEPTED_FOR_INTERPRETATION	ACTIVE	PERSONAL	"[""personal_layer""]"	T-O002	operator:core-acceptance-record	2.20			b9ec7ff66f0362bf0847e434b2bcbe8b5a67f52b67122a9bef7422aa56764a7d
T-N-007	ACCEPTED_FOR_INTERPRETATION	ACTIVE	PERSONAL	"[""personal_layer""]"	T-O002	operator:core-acceptance-record	2.20			b84ecdc6a8dac415f122c94b3c7f8d15e7d2bd85237701ae2e05b2cdda10c637
T-N-008	ACCEPTED_FOR_INTERPRETATION	ACTIVE	PERSONAL	"[""personal_layer""]"	T-O002	operator:core-acceptance-record	2.20			90742374dc523e7428f5e614e88fda1027686008391f3ebfd0aae73a9e1ae4c0
T-N-009	ACCEPTED_FOR_INTERPRETATION	ACTIVE	PERSONAL	"[""personal_layer""]"	T-O002	operator:core-acceptance-record	2.20			f98be2f866f63739af62cc3566db4ee1fb926c7f174f8a9259c5e5ca9c8c0ec7
T-N-010	ACCEPTED_FOR_INTERPRETATION	ACTIVE	PERSONAL	"[""personal_layer""]"	T-O003	operator:core-acceptance-record	2.20			1313f579ba3444045e96f8e7daf122cf642a347b2d82edf06204dfcc932defeb
T-N-011	ACCEPTED_FOR_INTERPRETATION	ACTIVE	PERSONAL	"[""personal_layer""]"	T-O003	operator:core-acceptance-record	2.20			e09ec7230b3a5d425c0f9e8fb256771d931eac80993c7ddd76adcf012ba0cca0
T-N-012	ACCEPTED_FOR_INTERPRETATION	ACTIVE	PERSONAL	"[""personal_layer""]"	T-O003	operator:core-acceptance-record	2.20			49800b932ef85a5c6a39c7d09e6c20145cd9b142916aa900b25aebf32d03a19a
T-N-013	ACCEPTED_FOR_INTERPRETATION	ACTIVE	PERSONAL	"[""personal_layer""]"	T-O003	operator:core-acceptance-record	2.20			3f07e019388cd17a998e01e6ebb4c003b99fb3d5dd525ff87231b1a0780ac4f0
T-N-014	ACCEPTED_FOR_INTERPRETATION	ACTIVE	PERSONAL	"[""personal_layer""]"	T-O004	operator:core-acceptance-record	2.20			6777577957f55b4d116d3d0bfc42a54988e9a53f6e7234c2ed6bc97fd361fec0
T-N-015	ACCEPTED_FOR_INTERPRETATION	ACTIVE	PERSONAL	"[""personal_layer""]"	T-O004	operator:core-acceptance-record	2.20			ba0d7215ae426fdf0dccdfa3517587aeaa0fa1ca3bd80d08e7b41c2322d589d6
T-N-016	ACCEPTED_FOR_INTERPRETATION	ACTIVE	PERSONAL	"[""personal_layer""]"	T-O004	operator:core-acceptance-record	2.20			037c644e91df0d61d7767fc80380657f5b26a0a1fd9eee0ebb1cfc53997e99c9
T-N-017	ACCEPTED_FOR_INTERPRETATION	ACTIVE	PERSONAL	"[""personal_layer""]"	T-O004	operator:core-acceptance-record	2.20			391078177894f5a8743a4cc49ad8f316a83d4c778491c7319647d7068f34965c
T-N-018	ACCEPTED_FOR_INTERPRETATION	ACTIVE	PERSONAL	"[""personal_layer""]"	T-O004	operator:core-acceptance-record	2.20			e545a363ca8486c5950c2c812f68d5bcc425a50d4aa8ea79d249675a8e3683a2
T-N-019	ACCEPTED_FOR_INTERPRETATION	ACTIVE	PERSONAL	"[""personal_layer""]"	T-O005	operator:core-acceptance-record	2.20			ebad3ed7ea8598e1d2a183a6e259389701a9de8d2e06f55192484bf51a6b8a19
T-N-020	ACCEPTED_FOR_INTERPRETATION	ACTIVE	PERSONAL	"[""personal_layer""]"	T-O005	operator:core-acceptance-record	2.20			8c5adf06730e66398a20c50d72a49c78eebf846b091a28d52333a807b6bb94fd
T-N-021	ACCEPTED_FOR_INTERPRETATION	ACTIVE	PERSONAL	"[""personal_layer""]"	T-O005	operator:core-acceptance-record	2.20			0e87452dfb3eb62c5abbdd11fa4860c6fbfb80f42156f448aed4da04e2f35637
T-N-022	ACCEPTED_FOR_INTERPRETATION	ACTIVE	PERSONAL	"[""personal_layer""]"	T-O005	operator:core-acceptance-record	2.20			225fe8d1df79612becf1218e260944002b950364de585e5882773aebf5977771
T-N-024	ACCEPTED_FOR_INTERPRETATION	ACTIVE	PERSONAL	"[""personal_layer""]"	T-O005	operator:core-acceptance-record	2.20			fd03f49b8c94f7e48c39153d119fc1477fbdabe21827082e00f659976a44a24b
T-N-025	ACCEPTED_FOR_INTERPRETATION	ACTIVE	PERSONAL	"[""personal_layer""]"	T-O005	operator:core-acceptance-record	2.20			4b9bbd8f5a5ff6fbde7a1c96d4de2a8f666cc4ca4b862c47254166d43b66d3d8
T-N-026	ACCEPTED_FOR_INTERPRETATION	ACTIVE	PERSONAL	"[""personal_layer""]"	T-O006	operator:core-acceptance-record	2.20			99988e1b92083339f8477f16af4cb8fdeac47ae6ada88b1dac69d9811e690ac3
T-N-027	ACCEPTED_FOR_INTERPRETATION	ACTIVE	PERSONAL	"[""personal_layer""]"	T-O006	operator:core-acceptance-record	2.20			3a3551857883cf1b57f4e2a734894026f8c0f26b02db33d2bf1a17578a83a445
T-N-028	ACCEPTED_FOR_INTERPRETATION	ACTIVE	PERSONAL	"[""personal_layer""]"	T-O006	operator:core-acceptance-record	2.20			88498b8d11f61e96b788eb0ff62f09752021b3d1e96f6ef55d70f7b8e78981a7
T-N-029	ACCEPTED_FOR_INTERPRETATION	ACTIVE	PERSONAL	"[""personal_layer""]"	T-O007	operator:core-acceptance-record	2.20			3a228db253fd0ba13f01a46e04641702d6b08c297ad800772c435b26a9671fc4
T-N-030	ACCEPTED_FOR_INTERPRETATION	ACTIVE	PERSONAL	"[""personal_layer""]"	T-O007	operator:core-acceptance-record	2.20			97ba50ce10f20daf40876207d34aca6ff24e3873e09fe5ca11d5cd162ffff0d7
T-N-031	ACCEPTED_FOR_INTERPRETATION	ACTIVE	PERSONAL	"[""personal_layer""]"	T-O007	operator:core-acceptance-record	2.20			34561a77d8dc7295c230fee57f5308a62727e749cddc1b3f837343088ab91cfe
T-N-032	ACCEPTED_FOR_INTERPRETATION	ACTIVE	PERSONAL	"[""personal_layer""]"	T-O008	operator:core-acceptance-record	2.20			f6ec087dc413918f0dcfbe36b8be9bf29b08256aa0f152291703dc2dc22e6a19
T-N-033	ACCEPTED_FOR_INTERPRETATION	ACTIVE	PERSONAL	"[""personal_layer""]"	T-O008	operator:core-acceptance-record	2.20			d24f9a082ab93afbe954a071ddedc77efc7bd8f442344b7bcac83945335f81f4
T-N-034	ACCEPTED_FOR_INTERPRETATION	ACTIVE	PERSONAL	"[""personal_layer""]"	T-O008	operator:core-acceptance-record	2.20			27ebd29c76659b6ff9de97cec7495e894e3c9d24a4bbfbd7de67963a93b72a89
T-N-035	ACCEPTED_FOR_INTERPRETATION	ACTIVE	PERSONAL	"[""personal_layer""]"	T-O008	operator:core-acceptance-record	2.20			dc7ed000bde4343e02ee20275c0aef43580b01580dbfb36dc77b829b5d047e81
T-N-036	ACCEPTED_FOR_INTERPRETATION	ACTIVE	PERSONAL	"[""personal_layer""]"	T-O009	operator:core-acceptance-record	2.20			6c327ebcb5e21d7833f526b1514189698a7736753fc7b61d3f656a7db1a500ab
T-N-037	ACCEPTED_FOR_INTERPRETATION	ACTIVE	PERSONAL	"[""personal_layer""]"	T-O009	operator:core-acceptance-record	2.20			8fd5af3db40d2d8226d69487fd0d8cbabba14dcec9355ebee1d82167320042d7
T-N-038	ACCEPTED_FOR_INTERPRETATION	ACTIVE	PERSONAL	"[""personal_layer""]"	T-O009	operator:core-acceptance-record	2.20			6df8d148cdc6687b73c55e26cc01cb7b7cc1458162676575206b7f881ff563db
T-N-039	ACCEPTED_FOR_INTERPRETATION	ACTIVE	PERSONAL	"[""personal_layer""]"	T-O009	operator:core-acceptance-record	2.20			4360b46c6b46841217002be8925ce9b28b789f207e097eed0a94d00554ff4c46
T-N-040	ACCEPTED_FOR_INTERPRETATION	ACTIVE	PERSONAL	"[""personal_layer""]"	T-O009	operator:core-acceptance-record	2.20			78943ad43d846fa204a69ea8f8520b7ceebd00fa599712e740a65df1c87ce5c1
T-N-041	ACCEPTED_FOR_INTERPRETATION	ACTIVE	PERSONAL	"[""personal_layer""]"	T-O009	operator:core-acceptance-record	2.20			39d6fdcbd2542f2b741993ae01b567e1d8c8a1814e751cb92547a10f27cc97b3
T-N-042	ACCEPTED_FOR_INTERPRETATION	ACTIVE	PERSONAL	"[""personal_layer""]"	T-O009	operator:core-acceptance-record	2.20			e5ad60873d3afee87cc61d037c096ca1ad8f4219d71d9071f31c79d6e4a2cffc
T-N-043	RECOGNIZED_NOT_ACTIVATED	CANDIDATE	PUBLICATION_CANDIDATE	"[""publication_candidate""]"	PUBLICATION-POLICY-CANDIDATE-OWNER	operator:T-N-043-candidate-decision	2.20	Explicit operator decision keeps this publication rule inactive.		4fc0145a2b0c19b5f430cf7d72655a13df634b55e4a3e7ad0f04ab62f20ae96d
